jobID,URL,extract_date,jobpost_date
4447681262,https://in.linkedin.com/jobs/view/software-developer-ai-and-data-platform-at-infosys-4447681262,2026-08-03,51 minutes ago
4447681810,https://in.linkedin.com/jobs/view/data-engineer-at-stackbinary-4447681810,2026-08-03,20 minutes ago
4430027345,https://in.linkedin.com/jobs/view/cloud-data-engineer-at-google-4430027345,2026-08-03,52 minutes ago
4430041123,https://in.linkedin.com/jobs/view/cloud-data-engineer-at-google-4430041123,2026-08-03,1 hour ago
4409287250,https://in.linkedin.com/jobs/view/data-engineer-at-ntt-data-inc-4409287250,2026-08-03,14 minutes ago
4409611442,https://in.linkedin.com/jobs/view/data-engineer-at-ntt-data-inc-4409611442,2026-08-03,29 minutes ago
4429149694,https://in.linkedin.com/jobs/view/senior-data-engineer-at-moody-s-corporation-4429149694,2026-08-03,18 hours ago
4447644669,https://in.linkedin.com/jobs/view/data-engineer-at-techcarrot-4447644669,2026-08-03,5 minutes ago
4430736184,https://in.linkedin.com/jobs/view/data-engineer-at-bnp-paribas-4430736184,2026-08-03,1 day ago
4439086241,https://in.linkedin.com/jobs/view/data-engineer-at-cohere-health-4439086241,2026-08-03,1 day ago
4447616120,https://in.linkedin.com/jobs/view/big-data-hadoop-spark-scala-hive-at-cognizant-4447616120,2026-08-03,1 day ago
4383010092,https://in.linkedin.com/jobs/view/staff-data-engineer-at-walmart-global-tech-india-4383010092,2026-08-03,1 day ago
4447615183,https://in.linkedin.com/jobs/view/gcp-data-engineer-at-cognizant-4447615183,2026-08-03,9 hours ago
4406128569,https://in.linkedin.com/jobs/view/associate-%E2%80%93-data-engineer-data-business-coe-at-bain-company-4406128569,2026-08-03,1 day ago
4411614678,https://in.linkedin.com/jobs/view/data-engineer-python-and-kafka-and-hadoop-or-hdfs-or-hive-and-snowflake-and-apache-and-iceberg-at-ntt-data-north-america-4411614678,2026-08-03,1 day ago
4428220369,https://in.linkedin.com/jobs/view/senior-data-engineer-at-cloudflare-4428220369,2026-08-03,20 hours ago
4447716504,https://in.linkedin.com/jobs/view/azure-data-engineer-at-customertimes-4447716504,2026-08-03,1 day ago
4447602446,https://in.linkedin.com/jobs/view/azure-data-engineer-databricks-data-factory-at-cognizant-4447602446,2026-08-03,9 hours ago
4446969786,https://in.linkedin.com/jobs/view/data-engineer-ii-at-cond%C3%A9-nast-4446969786,2026-08-03,2 days ago
4447288376,https://in.linkedin.com/jobs/view/data-engineer-at-cognite-4447288376,2026-08-03,2 days ago
4447128515,https://in.linkedin.com/jobs/view/data-engineer-analyst-at-mcafee-4447128515,2026-08-03,2 days ago
4439093943,https://in.linkedin.com/jobs/view/data-engineer-at-cisco-4439093943,2026-08-03,2 days ago
4439313182,https://in.linkedin.com/jobs/view/data-engineer-at-cisco-4439313182,2026-08-03,1 day ago
4447539461,https://in.linkedin.com/jobs/view/data-engineer-at-cisco-4447539461,2026-08-03,2 days ago
4447546657,https://in.linkedin.com/jobs/view/data-engineer-at-capgemini-4447546657,2026-08-03,1 day ago
4400019233,https://in.linkedin.com/jobs/view/data-engineer-big-data-python-databricks-at-citi-4400019233,2026-08-03,1 day ago
4417627649,https://in.linkedin.com/jobs/view/data-engineer-i-at-kroll-4417627649,2026-08-03,1 day ago
4447263221,https://in.linkedin.com/jobs/view/data-engineer-at-aon-4447263221,2026-08-03,2 days ago
4447164306,https://in.linkedin.com/jobs/view/data-engineer-at-nutrabay-4447164306,2026-08-03,1 day ago
4443692353,https://in.linkedin.com/jobs/view/data-engineer-at-british-council-4443692353,2026-08-03,2 days ago
4438890834,https://in.linkedin.com/jobs/view/principal-data-engineer-qa-at-cornerstone-ondemand-4438890834,2026-08-03,2 days ago
4417630612,https://in.linkedin.com/jobs/view/data-engineer-i-at-kroll-4417630612,2026-08-03,1 day ago
4447577038,https://in.linkedin.com/jobs/view/ai-data-engineer-at-dario-4447577038,2026-08-03,2 days ago
4439001300,https://in.linkedin.com/jobs/view/data-engineer-at-commonwealth-bank-4439001300,2026-08-03,2 days ago
4447565323,https://in.linkedin.com/jobs/view/analyst-data-engineering-at-hsbc-4447565323,2026-08-03,2 days ago
4446986852,https://in.linkedin.com/jobs/view/semantic-data-engineer-at-ericsson-4446986852,2026-08-03,2 days ago
4417623693,https://in.linkedin.com/jobs/view/data-engineer-i-at-kroll-4417623693,2026-08-03,1 day ago
4436962736,https://in.linkedin.com/jobs/view/data-engineer-%E2%80%93-apache-spark-kafka-flink-trino-iceberg-big-data-streaming-data-platform-4%E2%80%938-years-at-cisco-4436962736,2026-08-03,2 days ago
4408874959,https://in.linkedin.com/jobs/view/senior-data-engineer-at-kroll-4408874959,2026-08-03,1 day ago
4446967745,https://in.linkedin.com/jobs/view/data-engineer-ii-at-cond%C3%A9-nast-4446967745,2026-08-03,2 days ago
4445080880,https://in.linkedin.com/jobs/view/data-engineer-at-virtusa-4445080880,2026-08-03,2 days ago
4435698880,https://in.linkedin.com/jobs/view/big-data-developer-u-at-virtusa-4435698880,2026-08-03,2 days ago
4444538919,https://in.linkedin.com/jobs/view/data-engineer-at-take-two-interactive-4444538919,2026-08-03,3 days ago
4436012175,https://in.linkedin.com/jobs/view/data-engineer-at-hackajob-4436012175,2026-08-03,3 days ago
4434320414,https://in.linkedin.com/jobs/view/data-engineer-at-globant-4434320414,2026-08-03,3 days ago
4446733051,https://in.linkedin.com/jobs/view/senior-database-engineer-at-bebo-technologies-4446733051,2026-08-03,3 days ago
4444551333,https://in.linkedin.com/jobs/view/lead-ii-data-engineering-at-ust-4444551333,2026-08-03,3 days ago
4438662298,https://in.linkedin.com/jobs/view/data-engineer-at-amgen-4438662298,2026-08-03,3 days ago
4444555253,https://in.linkedin.com/jobs/view/associate-iii-data-engineering-at-ust-4444555253,2026-08-03,3 days ago
4446754959,https://in.linkedin.com/jobs/view/data-engineer-iii-at-lexisnexis-risk-solutions-4446754959,2026-08-03,2 days ago
4394436781,https://in.linkedin.com/jobs/view/data-engineer-senior-specialist-at-google-operations-center-4394436781,2026-08-03,2 days ago
4428728308,https://in.linkedin.com/jobs/view/data-engineer-at-siemens-energy-4428728308,2026-08-03,3 days ago
4447002602,https://in.linkedin.com/jobs/view/data-engineer-at-ntt-data-north-america-4447002602,2026-08-03,3 days ago
4444537126,https://in.linkedin.com/jobs/view/senior-data-engineer-at-servicetitan-4444537126,2026-08-03,3 days ago
4447074640,https://in.linkedin.com/jobs/view/senior-data-engineer-at-dataeconomy-4447074640,2026-08-03,2 days ago
4438610689,https://in.linkedin.com/jobs/view/senior-software-engineer-data-platform-at-wood-mackenzie-4438610689,2026-08-03,2 days ago
4437080981,https://in.linkedin.com/jobs/view/azure-data-engineer-%E2%80%93-adf-at-infosys-4437080981,2026-08-03,2 days ago
4329481543,https://in.linkedin.com/jobs/view/senior-data-engineer-at-toppan-merrill-4329481543,2026-08-03,3 days ago
4389899831,https://in.linkedin.com/jobs/view/data-engineer-65175-at-hitachi-digital-services-4389899831,2026-08-03,2 days ago
4446571702,https://in.linkedin.com/jobs/view/azure-data-engineer-at-exl-4446571702,2026-08-03,3 days ago
4446794707,https://in.linkedin.com/jobs/view/snowflake-data-engineer-python-cloud-at-calitii-4446794707,2026-08-03,3 days ago
4426756195,https://in.linkedin.com/jobs/view/associate-%E2%80%93-data-engineer-data-business-coe-at-bain-company-4426756195,2026-08-03,3 days ago
4446923261,https://in.linkedin.com/jobs/view/ai-data-engineer-at-s-p-global-4446923261,2026-08-03,2 days ago
4446727270,https://in.linkedin.com/jobs/view/data-engineer%2Bdata-analyst-at-exl-4446727270,2026-08-03,2 days ago
4447018458,https://in.linkedin.com/jobs/view/data-engineer-at-altera-4447018458,2026-08-03,3 days ago
4446598330,https://in.linkedin.com/jobs/view/data-engineer-at-clinisys-4446598330,2026-08-03,4 days ago
4429269241,https://in.linkedin.com/jobs/view/data-engineer-specialist-at-google-operations-center-4429269241,2026-08-03,3 days ago
4429705998,https://in.linkedin.com/jobs/view/data-engineer-at-cisco-4429705998,2026-08-03,4 days ago
4366454534,https://in.linkedin.com/jobs/view/business-intelligence-analyst-data-engineering-at-medpace-4366454534,2026-08-03,4 days ago
4410038921,https://in.linkedin.com/jobs/view/data-engineer-at-bnp-paribas-4410038921,2026-08-03,4 days ago
4444467276,https://in.linkedin.com/jobs/view/data-engineer-specialist-at-vanguard-4444467276,2026-08-03,5 days ago
4443279580,https://in.linkedin.com/jobs/view/data-engineer-at-chevron-4443279580,2026-08-03,4 days ago
4446335438,https://in.linkedin.com/jobs/view/senior-data-engineer-pyspark-sql-databricks-at-marsh-4446335438,2026-08-03,5 days ago
4445707904,https://in.linkedin.com/jobs/view/senior-data-engineer-at-solytics-partners-4445707904,2026-08-03,5 days ago
4443266697,https://in.linkedin.com/jobs/view/data-engineer-at-sandvik-coromant-4443266697,2026-08-03,5 days ago
4445481911,https://in.linkedin.com/jobs/view/data-engineer-ii-at-g2-4445481911,2026-08-03,5 days ago
4443279888,https://in.linkedin.com/jobs/view/data-engineer-i-at-novo-nordisk-4443279888,2026-08-03,5 days ago
4443290847,https://in.linkedin.com/jobs/view/data-engineer-databricks-react-at-ey-4443290847,2026-08-03,5 days ago
4443298741,https://in.linkedin.com/jobs/view/de-a-data-engineer-etl-developer-snowflake-at-zensar-technologies-4443298741,2026-08-03,5 days ago
4444450824,https://in.linkedin.com/jobs/view/data-engineer-specialist-at-vanguard-4444450824,2026-08-03,4 days ago
4446159370,https://in.linkedin.com/jobs/view/data-engineer-at-greenlight-4446159370,2026-08-03,5 days ago
4442833996,https://in.linkedin.com/jobs/view/data-engineer-ii-at-electronic-arts-ea-4442833996,2026-08-03,6 days ago
4445900637,https://in.linkedin.com/jobs/view/data-engineer-at-cisco-4445900637,2026-08-03,6 days ago
4444899029,https://in.linkedin.com/jobs/view/data-engineer-at-noventiq-india-4444899029,2026-08-03,6 days ago
4442809951,https://in.linkedin.com/jobs/view/data-engineer-databricks-at-bridgenext-4442809951,2026-08-03,6 days ago
4445934020,https://in.linkedin.com/jobs/view/data-engineering-engineer-ii-at-tekwissen-india-4445934020,2026-08-03,6 days ago
4442875296,https://in.linkedin.com/jobs/view/machine-learning-data-engineer-at-sealcube-secops-4442875296,2026-08-03,6 days ago
4442845911,https://in.linkedin.com/jobs/view/data-engineer-ii-at-electronic-arts-ea-4442845911,2026-08-03,6 days ago
4431079703,https://in.linkedin.com/jobs/view/senior-data-engineer-at-wpp-4431079703,2026-08-03,5 days ago
4442849975,https://in.linkedin.com/jobs/view/lead-ii-data-engineering-python-aws-sql-at-ust-4442849975,2026-08-03,6 days ago
4442817675,https://in.linkedin.com/jobs/view/senior-data-engineer-at-version-1-4442817675,2026-08-03,6 days ago
4427712401,https://in.linkedin.com/jobs/view/senior-data-engineer-python-at-compugroup-medical-se-co-kgaa-4427712401,2026-08-03,6 days ago
4443297330,https://in.linkedin.com/jobs/view/data-engineer-data%2Bai-at-ey-4443297330,2026-08-03,6 days ago
4392274695,https://in.linkedin.com/jobs/view/data-engineer-at-definitive-healthcare-4392274695,2026-08-03,1 hour ago
4448151554,https://in.linkedin.com/jobs/view/data-engineer-2-at-illumina-4448151554,2026-08-03,23 minutes ago
4422826308,https://in.linkedin.com/jobs/view/data-engineer-at-anko-gcc-4422826308,2026-08-03,2 weeks ago
4448178825,https://in.linkedin.com/jobs/view/data-engineer-at-predigle-4448178825,2026-08-03,3 hours ago
4446217477,https://in.linkedin.com/jobs/view/databricks-data-engineer-at-virtusa-4446217477,2026-08-03,28 minutes ago
4445881677,https://in.linkedin.com/jobs/view/analytics-engineer-at-m-g-india-4445881677,2026-08-03,2 minutes ago
4448133375,https://in.linkedin.com/jobs/view/data-engineer-at-redqubes-innovation-private-limited-4448133375,2026-08-03,43 minutes ago
4446216161,https://in.linkedin.com/jobs/view/azure-data-engineer-at-arcadis-4446216161,2026-08-03,2 hours ago
4446212413,https://in.linkedin.com/jobs/view/data-engineer-at-ey-4446212413,2026-08-03,48 minutes ago
4438994821,https://in.linkedin.com/jobs/view/python%2Bspark-scala-at-infosys-4438994821,2026-08-03,54 minutes ago
4446213256,https://in.linkedin.com/jobs/view/azure-data-engineer-at-arcadis-4446213256,2026-08-03,34 minutes ago
4447628991,https://in.linkedin.com/jobs/view/data-engineer-at-techcarrot-4447628991,2026-08-03,1 day ago
4379409250,https://in.linkedin.com/jobs/view/data-engineer-at-fractal-4379409250,2026-08-03,23 hours ago
4402556039,https://in.linkedin.com/jobs/view/data-engineer-scala-at-capco-4402556039,2026-08-03,1 day ago
4447662219,https://in.linkedin.com/jobs/view/senior-data-engineer-at-quest-global-4447662219,2026-08-03,58 minutes ago
4411613714,https://in.linkedin.com/jobs/view/data-engineer-python-and-kafka-and-hadoop-or-hdfs-or-hive-and-snowflake-and-apache-and-iceberg-at-ntt-data-north-america-4411613714,2026-08-03,1 day ago
4447662167,https://in.linkedin.com/jobs/view/data-engineer-husky-guindy-chennai-at-husky-technologies-4447662167,2026-08-03,1 hour ago
4447673146,https://in.linkedin.com/jobs/view/analytics-engineer-at-infosys-4447673146,2026-08-03,4 hours ago
4439300572,https://in.linkedin.com/jobs/view/data-engineer-at-cisco-4439300572,2026-08-03,2 days ago
4411629131,https://in.linkedin.com/jobs/view/data-engineer-python-and-kafka-and-hadoop-or-hdfs-or-hive-and-snowflake-and-apache-and-iceberg-at-ntt-data-north-america-4411629131,2026-08-03,2 days ago
4447534172,https://in.linkedin.com/jobs/view/data-engineer-i-itc-at-nike-4447534172,2026-08-03,2 days ago
4439098719,https://in.linkedin.com/jobs/view/data-engineer-at-cisco-4439098719,2026-08-03,1 day ago
4439094840,https://in.linkedin.com/jobs/view/data-engineer-at-cisco-4439094840,2026-08-03,2 days ago
4436501286,https://in.linkedin.com/jobs/view/data-engineer-at-hackajob-4436501286,2026-08-03,2 days ago
4447057835,https://in.linkedin.com/jobs/view/data-engineer-i-data-engineer-i-at-amazon-web-services-aws-4447057835,2026-08-03,2 days ago
4445085719,https://in.linkedin.com/jobs/view/senior-data-engineer-at-payu-4445085719,2026-08-03,2 days ago
4447243388,https://in.linkedin.com/jobs/view/senior-data-engineer-at-iq-eq-4447243388,2026-08-03,3 days ago
4447558258,https://in.linkedin.com/jobs/view/data-engineer-ww-returns-recomm-tech-inn-at-amazon-4447558258,2026-08-03,1 day ago
4447280510,https://in.linkedin.com/jobs/view/senior-data-engineer-at-rebel-foods-4447280510,2026-08-03,3 days ago
4447542057,https://in.linkedin.com/jobs/view/associcate-data-engineer-at-amgen-4447542057,2026-08-03,3 days ago
4445504886,https://in.linkedin.com/jobs/view/azure-data-engineer-at-virtusa-4445504886,2026-08-03,2 days ago
4447566284,https://in.linkedin.com/jobs/view/senior-data-engineer-at-azira-4447566284,2026-08-03,1 day ago
4447546380,https://in.linkedin.com/jobs/view/data-engineer-at-cisco-4447546380,2026-08-03,2 days ago
4438657416,https://in.linkedin.com/jobs/view/data-engineer-at-amgen-4438657416,2026-08-03,2 days ago
4416891368,https://in.linkedin.com/jobs/view/lead-ii-data-engineering-at-ust-4416891368,2026-08-03,3 days ago
4446909618,https://in.linkedin.com/jobs/view/data-engineer-%E2%80%93-python-sql-dbt-at-infosys-4446909618,2026-08-03,3 days ago
4446761829,https://in.linkedin.com/jobs/view/data-engineer-iii-at-relx-4446761829,2026-08-03,3 days ago
4416899753,https://in.linkedin.com/jobs/view/software-engineer-data-engineer-at-harman-india-4416899753,2026-08-03,3 days ago
4444544812,https://in.linkedin.com/jobs/view/engineer-pyspark-sql-at-barclays-4444544812,2026-08-03,3 days ago
4446718344,https://in.linkedin.com/jobs/view/data-engineer-at-visa-4446718344,2026-08-03,4 days ago
4446818021,https://in.linkedin.com/jobs/view/senior-data-engineer-itc-at-nike-4446818021,2026-08-03,3 days ago
4446757799,https://in.linkedin.com/jobs/view/data-engineer-sql-job-at-yash-technologies-4446757799,2026-08-03,3 days ago
4447085762,https://in.linkedin.com/jobs/view/senior-data-engineer-at-athenahealth-4447085762,2026-08-03,2 days ago
4446898787,https://in.linkedin.com/jobs/view/associate-data-engineering-at-gea-group-4446898787,2026-08-03,3 days ago
4444556263,https://in.linkedin.com/jobs/view/data-engineering-consultant-at-formativgroup-4444556263,2026-08-03,3 days ago
4446448546,https://in.linkedin.com/jobs/view/azure-data-engineer-at-mopid-4446448546,2026-08-03,3 days ago
4417634147,https://in.linkedin.com/jobs/view/data-engineer-i-at-kroll-4417634147,2026-08-03,3 days ago
4444528404,https://in.linkedin.com/jobs/view/senior-data-engineer-at-servicetitan-4444528404,2026-08-03,3 days ago
4430418562,https://in.linkedin.com/jobs/view/kafka-data-engineer-at-virtusa-4430418562,2026-08-03,3 days ago
4446700611,https://in.linkedin.com/jobs/view/data-engineer-at-aon-4446700611,2026-08-03,3 days ago
4427704106,https://in.linkedin.com/jobs/view/junior-data-engineer-at-medpace-4427704106,2026-08-03,5 days ago
4419148899,https://in.linkedin.com/jobs/view/data-engineer-at-birla-opus-4419148899,2026-08-03,4 days ago
4446426941,https://in.linkedin.com/jobs/view/data-engineer-at-techcarrot-4446426941,2026-08-03,4 days ago
4446585160,https://in.linkedin.com/jobs/view/data-engineer-at-miba-group-4446585160,2026-08-03,4 days ago
4446849676,https://in.linkedin.com/jobs/view/senior-data-engineer-at-experian-4446849676,2026-08-03,4 days ago
4320692555,https://in.linkedin.com/jobs/view/senior-analytics-engineer-at-deliveroo-4320692555,2026-08-03,4 days ago
4446322792,https://in.linkedin.com/jobs/view/senior-data-engineer-pyspark-sql-databricks-at-marsh-4446322792,2026-08-03,5 days ago
4446341836,https://in.linkedin.com/jobs/view/engineer-data-engineering-at-news-corp-4446341836,2026-08-03,5 days ago
4443298333,https://in.linkedin.com/jobs/view/data-engineer-data%2Bai-at-ey-4443298333,2026-08-03,6 days ago
4443298332,https://in.linkedin.com/jobs/view/data-engineer-data%2Bai-at-ey-4443298332,2026-08-03,6 days ago
4443286886,https://in.linkedin.com/jobs/view/data-engineer-databricks-react-at-ey-4443286886,2026-08-03,6 days ago
4443600033,https://in.linkedin.com/jobs/view/data-engineer-i-at-novo-nordisk-4443600033,2026-08-03,5 days ago
4445748642,https://in.linkedin.com/jobs/view/senior-data-engineer-at-adobe-4445748642,2026-08-03,5 days ago
4445491849,https://in.linkedin.com/jobs/view/data-engineer-at-cisco-4445491849,2026-08-03,5 days ago
4446139650,https://in.linkedin.com/jobs/view/data-platform-engineer-at-iron-mountain-4446139650,2026-08-03,5 days ago
4446213434,https://in.linkedin.com/jobs/view/data-engineer-at-ey-4446213434,2026-08-03,1 minute ago
4443296351,https://in.linkedin.com/jobs/view/data-engineer-databricks-react-at-ey-4443296351,2026-08-03,6 days ago
4447674501,https://in.linkedin.com/jobs/view/data-engineer-regtech-at-infosys-4447674501,2026-08-03,1 hour ago
4448139501,https://in.linkedin.com/jobs/view/data-engineer-at-allison-transmission-4448139501,2026-08-03,22 minutes ago
4360854176,https://in.linkedin.com/jobs/view/data-engineer-gcp-sql-biqquery-dataflow-pub-sub-logging-iam-at-ups-4360854176,2026-08-03,5 hours ago
4360495810,https://in.linkedin.com/jobs/view/data-engineer-gcp-sql-biqquery-dataflow-pub-sub-logging-iam-at-ups-4360495810,2026-08-03,3 hours ago
4447803041,https://in.linkedin.com/jobs/view/consultant-data-engineer-%2B-ai-at-microsoft-4447803041,2026-08-03,2 days ago
4349313885,https://in.linkedin.com/jobs/view/senior-data-engineer-at-avathon-4349313885,2026-08-03,2 days ago
4447585620,https://in.linkedin.com/jobs/view/senior-data-engineer-at-ciklum-india-4447585620,2026-08-03,2 days ago
4417258078,https://in.linkedin.com/jobs/view/developer-iii-data-engineer-at-ust-4417258078,2026-08-03,3 days ago
4435900849,https://in.linkedin.com/jobs/view/azure-data-engineer-at-virtusa-4435900849,2026-08-03,3 days ago
4445099931,https://in.linkedin.com/jobs/view/databricks-at-virtusa-4445099931,2026-08-03,3 days ago
4446928536,https://in.linkedin.com/jobs/view/big-data-engineer-at-nov-4446928536,2026-08-03,2 days ago
4437338287,https://in.linkedin.com/jobs/view/data-engineer-daai-at-infosys-4437338287,2026-08-03,3 days ago
4444585768,https://in.linkedin.com/jobs/view/senior-data-engineer-at-nationsbenefits-4444585768,2026-08-03,4 days ago
4437574269,https://in.linkedin.com/jobs/view/big-data-developer-pyspark-and-scala-at-citi-4437574269,2026-08-03,3 days ago
4435644686,https://in.linkedin.com/jobs/view/data-engineer-at-ibm-4435644686,2026-08-03,4 days ago
4427350835,https://in.linkedin.com/jobs/view/data-engineer-at-ust-4427350835,2026-08-03,3 days ago
4446580512,https://in.linkedin.com/jobs/view/azure-data-engineer-at-exl-4446580512,2026-08-03,3 days ago
4436827076,https://in.linkedin.com/jobs/view/data-engineer-ii-at-kraft-heinz-4436827076,2026-08-03,4 days ago
4446064158,https://in.linkedin.com/jobs/view/data-engineer-at-zensar-technologies-4446064158,2026-08-03,5 days ago
4446875250,https://in.linkedin.com/jobs/view/sr-data-engineer-at-mattel-inc-4446875250,2026-08-03,4 days ago
4446573044,https://in.linkedin.com/jobs/view/data-engineering-dashboard-developer-intern-at-sanas-4446573044,2026-08-03,5 days ago
4408670427,https://in.linkedin.com/jobs/view/aws-databricks-platform-engineer-at-qualcomm-4408670427,2026-08-03,5 days ago
4438159404,https://in.linkedin.com/jobs/view/databricks-engineer-data-platform-data-science-tooling-at-magna-international-4438159404,2026-08-03,4 days ago
4443256909,https://in.linkedin.com/jobs/view/data-engineer-at-sandvik-4443256909,2026-08-03,6 days ago
4443631055,https://in.linkedin.com/jobs/view/senior-data-engineer-at-taskus-4443631055,2026-08-03,5 days ago
4433994022,https://in.linkedin.com/jobs/view/senior-data-engineer-at-taskus-4433994022,2026-08-03,6 days ago
4443292841,https://in.linkedin.com/jobs/view/data-engineer-data%2Bai-at-ey-4443292841,2026-08-03,6 days ago
4428830540,https://in.linkedin.com/jobs/view/industrial-data-analytics-engineer-at-thales-4428830540,2026-08-03,5 days ago
4445987832,https://in.linkedin.com/jobs/view/data-engineer-time-and-pay-innovation-at-amazon-4445987832,2026-08-03,6 days ago
4448641789,https://in.linkedin.com/jobs/view/data-engineer-i-spiv-data-engineering-at-amazon-4448641789,2026-08-04,"04 Aug 2026, 05:30 AM IST"
4446217317,https://in.linkedin.com/jobs/view/data-engineer-at-ey-4446217317,2026-08-04,"03 Aug 2026, 05:30 AM IST"
4446230173,https://in.linkedin.com/jobs/view/data-engineer-at-ey-4446230173,2026-08-04,"03 Aug 2026, 05:30 AM IST"
4448205944,https://in.linkedin.com/jobs/view/junior-data-engineer-it-at-flex-4448205944,2026-08-04,"03 Aug 2026, 05:30 AM IST"
4448638468,https://in.linkedin.com/jobs/view/data-engineer-social-healthcare-and-public-entities-tech-at-mckinsey-company-4448638468,2026-08-04,"03 Aug 2026, 05:30 AM IST"
4448357483,https://in.linkedin.com/jobs/view/analytics-engineer-finance-at-snowflake-4448357483,2026-08-04,"03 Aug 2026, 05:30 AM IST"
4448153812,https://in.linkedin.com/jobs/view/data-analytics-engineer-i-at-isa-4448153812,2026-08-04,"03 Aug 2026, 05:30 AM IST"
4448314858,https://in.linkedin.com/jobs/view/data-engineer-at-flexiple-4448314858,2026-08-04,"03 Aug 2026, 05:30 AM IST"
4446252573,https://in.linkedin.com/jobs/view/data-engineer-data-integration-at-ibm-4446252573,2026-08-04,"03 Aug 2026, 05:30 AM IST"
4446242681,https://in.linkedin.com/jobs/view/data-engineer-data-integration-at-ibm-4446242681,2026-08-04,"03 Aug 2026, 05:30 AM IST"
4445871812,https://in.linkedin.com/jobs/view/analytics-engineer-at-m-g-india-4445871812,2026-08-04,"03 Aug 2026, 05:30 AM IST"
4446234860,https://in.linkedin.com/jobs/view/data-engineer-data-integration-at-ibm-4446234860,2026-08-04,"03 Aug 2026, 05:30 AM IST"
4446245734,https://in.linkedin.com/jobs/view/data-engineer-data-integration-at-ibm-4446245734,2026-08-04,"03 Aug 2026, 05:30 AM IST"
4448221908,https://in.linkedin.com/jobs/view/data-engineer-etl-job-at-yash-technologies-4448221908,2026-08-04,"03 Aug 2026, 05:30 AM IST"
4446254558,https://in.linkedin.com/jobs/view/data-engineer-data-platforms-databricks-at-ibm-4446254558,2026-08-04,"03 Aug 2026, 05:30 AM IST"
4448818524,https://in.linkedin.com/jobs/view/senior-data-engineer-at-lenovo-4448818524,2026-08-04,"04 Aug 2026, 05:30 AM IST"
4446250600,https://in.linkedin.com/jobs/view/data-engineer-data-platforms-google-at-ibm-4446250600,2026-08-04,"03 Aug 2026, 05:30 AM IST"
4446244725,https://in.linkedin.com/jobs/view/data-engineer-data-platforms-aws-at-ibm-4446244725,2026-08-04,"03 Aug 2026, 05:30 AM IST"
4448174862,https://in.linkedin.com/jobs/view/data-engineer-at-wizcommerce-4448174862,2026-08-04,"03 Aug 2026, 05:30 AM IST"
4448137858,https://in.linkedin.com/jobs/view/senior-data-engineer-at-cognite-4448137858,2026-08-04,"03 Aug 2026, 05:30 AM IST"
4448620311,https://in.linkedin.com/jobs/view/software-engineer-ii-big-data-etl-devops-engineer-%2B-aws-at-jpmorganchase-4448620311,2026-08-04,"03 Aug 2026, 05:30 AM IST"
4446245740,https://in.linkedin.com/jobs/view/data-engineer-data-integration-at-ibm-4446245740,2026-08-04,"03 Aug 2026, 05:30 AM IST"
4446238743,https://in.linkedin.com/jobs/view/data-engineer-data-integration-at-ibm-4446238743,2026-08-04,"03 Aug 2026, 05:30 AM IST"
4446238788,https://in.linkedin.com/jobs/view/data-engineer-data-integration-at-ibm-4446238788,2026-08-04,"03 Aug 2026, 05:30 AM IST"
4446241770,https://in.linkedin.com/jobs/view/data-engineer-data-integration-at-ibm-4446241770,2026-08-04,"03 Aug 2026, 05:30 AM IST"
4446248610,https://in.linkedin.com/jobs/view/data-engineer-data-integration-at-ibm-4446248610,2026-08-04,"03 Aug 2026, 05:30 AM IST"
4446249696,https://in.linkedin.com/jobs/view/data-engineer-data-platforms-google-at-ibm-4446249696,2026-08-04,"03 Aug 2026, 05:30 AM IST"
4446253609,https://in.linkedin.com/jobs/view/data-engineer-data-platforms-google-at-ibm-4446253609,2026-08-04,"03 Aug 2026, 05:30 AM IST"
4446236881,https://in.linkedin.com/jobs/view/data-engineer-data-platforms-google-at-ibm-4446236881,2026-08-04,"03 Aug 2026, 05:30 AM IST"
4446241689,https://in.linkedin.com/jobs/view/data-engineer-data-platforms-google-at-ibm-4446241689,2026-08-04,"03 Aug 2026, 05:30 AM IST"
4446250581,https://in.linkedin.com/jobs/view/data-engineer-data-platforms-google-at-ibm-4446250581,2026-08-04,"03 Aug 2026, 05:30 AM IST"
4446243673,https://in.linkedin.com/jobs/view/data-engineer-data-platforms-google-at-ibm-4446243673,2026-08-04,"03 Aug 2026, 05:30 AM IST"
4446244733,https://in.linkedin.com/jobs/view/data-engineer-data-platforms-google-at-ibm-4446244733,2026-08-04,"03 Aug 2026, 05:30 AM IST"
4446240760,https://in.linkedin.com/jobs/view/data-engineer-data-platforms-google-at-ibm-4446240760,2026-08-04,"03 Aug 2026, 05:30 AM IST"
4446238767,https://in.linkedin.com/jobs/view/data-engineer-data-integration-at-ibm-4446238767,2026-08-04,"03 Aug 2026, 05:30 AM IST"
4446252570,https://in.linkedin.com/jobs/view/data-engineer-data-integration-at-ibm-4446252570,2026-08-04,"03 Aug 2026, 05:30 AM IST"
4439438216,https://in.linkedin.com/jobs/view/data-engineer-at-ericsson-4439438216,2026-08-04,"04 Aug 2026, 05:30 AM IST"
4291067257,https://in.linkedin.com/jobs/view/aws-data-engineer-bangalore-at-pwc-india-4291067257,2026-08-04,"04 Aug 2026, 05:30 AM IST"
4391730579,https://in.linkedin.com/jobs/view/data-engineer-sql-python-at-bnp-paribas-4391730579,2026-08-04,"04 Aug 2026, 05:30 AM IST"
4448816874,https://in.linkedin.com/jobs/view/data-engineer-at-atsmantra-4448816874,2026-08-04,"04 Aug 2026, 05:30 AM IST"
4413039642,https://in.linkedin.com/jobs/view/senior-data-engineer-at-quantiphi-4413039642,2026-08-04,"04 Aug 2026, 05:30 AM IST"
4421639997,https://in.linkedin.com/jobs/view/senior-data-engineer-at-atlassian-4421639997,2026-08-04,"04 Aug 2026, 05:30 AM IST"
4439801110,https://in.linkedin.com/jobs/view/azure-senior-data-engineer-at-infosys-4439801110,2026-08-04,"04 Aug 2026, 05:30 AM IST"
4446248586,https://in.linkedin.com/jobs/view/data-engineer-data-platforms-aws-at-ibm-4446248586,2026-08-04,"03 Aug 2026, 05:30 AM IST"
4446247616,https://in.linkedin.com/jobs/view/data-engineer-data-integration-at-ibm-4446247616,2026-08-04,"03 Aug 2026, 05:30 AM IST"
4446257406,https://in.linkedin.com/jobs/view/data-engineer-data-platforms-databricks-at-ibm-4446257406,2026-08-04,"03 Aug 2026, 05:30 AM IST"
4446233855,https://in.linkedin.com/jobs/view/data-engineer-data-integration-at-ibm-4446233855,2026-08-04,"03 Aug 2026, 05:30 AM IST"
4446236841,https://in.linkedin.com/jobs/view/data-engineer-data-platforms-snowflake-at-ibm-4446236841,2026-08-04,"03 Aug 2026, 05:30 AM IST"
4446245736,https://in.linkedin.com/jobs/view/data-engineer-data-integration-at-ibm-4446245736,2026-08-04,"03 Aug 2026, 05:30 AM IST"
4439467390,https://in.linkedin.com/jobs/view/azure-databricks-at-cognizant-4439467390,2026-08-05,"04 Aug 2026, 05:30 AM IST"
4449403817,https://in.linkedin.com/jobs/view/data-engineer-at-giridhara-software-services-pvt-ltd-4449403817,2026-08-05,"05 Aug 2026, 05:30 AM IST"
4449400972,https://in.linkedin.com/jobs/view/data-engineer-etl-snowflake-db-at-firsthive-cdp%2Bai-data-platform-4449400972,2026-08-05,"05 Aug 2026, 05:30 AM IST"
4448922703,https://in.linkedin.com/jobs/view/big-data-engineer-at-cognine-technologies-4448922703,2026-08-05,"05 Aug 2026, 05:30 AM IST"
4448942082,https://in.linkedin.com/jobs/view/aws-data-engineer-at-citi-4448942082,2026-08-05,"05 Aug 2026, 05:30 AM IST"
4447329919,https://in.linkedin.com/jobs/view/specialist-software-engineer-data-engineer-spark-scala-pyspark-at-societe-generale-global-solution-centre-4447329919,2026-08-05,"05 Aug 2026, 05:30 AM IST"
4447334375,https://in.linkedin.com/jobs/view/senior-data-engineer-at-facctum-4447334375,2026-08-05,"05 Aug 2026, 05:30 AM IST"
4448926917,https://in.linkedin.com/jobs/view/senior-data-engineering-consultant-at-optum-india-4448926917,2026-08-05,"05 Aug 2026, 05:30 AM IST"
4449403638,https://in.linkedin.com/jobs/view/interesting-job-opportunity-auxo-ai-senior-data-engineer-aws-at-auxo-ai-4449403638,2026-08-05,"05 Aug 2026, 05:30 AM IST"
4447330894,https://in.linkedin.com/jobs/view/analytics-engineer-dbt-%2B-snowflake-at-datafortis-in-4447330894,2026-08-05,"05 Aug 2026, 05:30 AM IST"
4432040062,https://in.linkedin.com/jobs/view/data-engineer-at-cisco-4432040062,2026-08-05,"04 Aug 2026, 05:30 AM IST"
4439865393,https://in.linkedin.com/jobs/view/data-engineer-at-hmh-4439865393,2026-08-05,"04 Aug 2026, 05:30 AM IST"
4449061102,https://in.linkedin.com/jobs/view/azure-data-engineer-at-cgi-4449061102,2026-08-05,"04 Aug 2026, 05:30 AM IST"
4449004964,https://in.linkedin.com/jobs/view/big-data-developer-at-dassault-syst%C3%A8mes-4449004964,2026-08-05,"04 Aug 2026, 05:30 AM IST"
4422562799,https://in.linkedin.com/jobs/view/database-engineer-cot-at-liebherr-tower-cranes-4422562799,2026-08-05,"04 Aug 2026, 05:30 AM IST"
4422827334,https://in.linkedin.com/jobs/view/principal-data-engineer-at-anko-gcc-4422827334,2026-08-05,"04 Aug 2026, 05:30 AM IST"
4446660638,https://in.linkedin.com/jobs/view/data-engineer-at-mobility-global-4446660638,2026-08-05,"04 Aug 2026, 05:30 AM IST"
4449031791,https://in.linkedin.com/jobs/view/gcp-data-engineer-at-paltech-4449031791,2026-08-05,"04 Aug 2026, 05:30 AM IST"
4421635983,https://in.linkedin.com/jobs/view/senior-data-engineer-at-atlassian-4421635983,2026-08-05,"04 Aug 2026, 05:30 AM IST"
4449001169,https://in.linkedin.com/jobs/view/associate-data-engineer-at-amgen-4449001169,2026-08-05,"04 Aug 2026, 05:30 AM IST"
4448881225,https://in.linkedin.com/jobs/view/data-engineer-aws-azure-microsoft-copilot-studio-at-ntt-data-north-america-4448881225,2026-08-05,"04 Aug 2026, 05:30 AM IST"
4436506703,https://in.linkedin.com/jobs/view/senior-data-engineer-i-at-american-express-4436506703,2026-08-05,"04 Aug 2026, 05:30 AM IST"
4446642551,https://in.linkedin.com/jobs/view/senior-data-engineer-at-milestone-technologies-inc-4446642551,2026-08-05,"04 Aug 2026, 05:30 AM IST"
4310934692,https://in.linkedin.com/jobs/view/principal-data-engineer-irc276334-at-globallogic-4310934692,2026-08-05,"04 Aug 2026, 05:30 AM IST"
4446630258,https://in.linkedin.com/jobs/view/data-engineer-at-maruti-techlabs-4446630258,2026-08-05,"04 Aug 2026, 05:30 AM IST"
4437277997,https://in.linkedin.com/jobs/view/data-engineer-python-aiml-data-retrieval-augmentation-at-virtusa-4437277997,2026-08-05,"04 Aug 2026, 05:30 AM IST"
4448877920,https://in.linkedin.com/jobs/view/full-stack-data-engineer-at-convatec-4448877920,2026-08-05,"04 Aug 2026, 05:30 AM IST"
4361756728,https://in.linkedin.com/jobs/view/lead-ii-data-engineering-at-ust-4361756728,2026-08-05,"04 Aug 2026, 05:30 AM IST"
4449072798,https://in.linkedin.com/jobs/view/supply-chain-data-engineer-at-hp-4449072798,2026-08-05,"04 Aug 2026, 05:30 AM IST"
4447302447,https://in.linkedin.com/jobs/view/data-engineer-at-saven-technologies-4447302447,2026-08-05,"04 Aug 2026, 05:30 AM IST"
4363220848,https://in.linkedin.com/jobs/view/data-engineer-data-integration-at-ibm-4363220848,2026-08-05,"04 Aug 2026, 05:30 AM IST"
4446656839,https://in.linkedin.com/jobs/view/expert-data-engineer-at-csc-4446656839,2026-08-05,"04 Aug 2026, 05:30 AM IST"
4440099161,https://in.linkedin.com/jobs/view/sr-analytics-engineer-at-ge-vernova-4440099161,2026-08-05,"04 Aug 2026, 05:30 AM IST"
4439843242,https://in.linkedin.com/jobs/view/python-postgresql-developer-aws-data-engineering-irc298906-at-globallogic-4439843242,2026-08-05,"04 Aug 2026, 05:30 AM IST"
4431658391,https://in.linkedin.com/jobs/view/sr-analytics-engineer-at-sei-4431658391,2026-08-05,"04 Aug 2026, 05:30 AM IST"
4429578699,https://in.linkedin.com/jobs/view/engineering-python-data-engineering-software-developer-vp-at-aqr-capital-management-4429578699,2026-08-05,"04 Aug 2026, 05:30 AM IST"
4448821407,https://in.linkedin.com/jobs/view/cloud-big-data-engineer-at-transunion-4448821407,2026-08-05,"04 Aug 2026, 05:30 AM IST"
4437634807,https://in.linkedin.com/jobs/view/data-engineering-professional-i-at-takeda-4437634807,2026-08-05,"04 Aug 2026, 05:30 AM IST"
4440057789,https://in.linkedin.com/jobs/view/data-engineer-global-team-india-at-yipitdata-4440057789,2026-08-05,"04 Aug 2026, 05:30 AM IST"
4448834155,https://in.linkedin.com/jobs/view/senior-data-engineer-aws-%2B-snowflake-at-willware-technologies-4448834155,2026-08-05,"04 Aug 2026, 05:30 AM IST"
4446032664,https://in.linkedin.com/jobs/view/data-engineer-lead%E2%80%93-microsoft-fabric-at-iitjobs-inc-4446032664,2026-08-05,"04 Aug 2026, 05:30 AM IST"
4449046760,https://in.linkedin.com/jobs/view/sr-aws-data-engineer-at-solventum-4449046760,2026-08-05,"04 Aug 2026, 05:30 AM IST"
4448280451,https://in.linkedin.com/jobs/view/data-engineer-at-atlas-copco-group-4448280451,2026-08-05,"04 Aug 2026, 05:30 AM IST"
4448289479,https://in.linkedin.com/jobs/view/azure-databricks-lead-at-birlasoft-4448289479,2026-08-05,"04 Aug 2026, 05:30 AM IST"
4279604853,https://in.linkedin.com/jobs/view/in-senior-associate-azure-data-engineer-ms-engg-advisory-kolkata-at-pwc-india-4279604853,2026-08-05,"05 Aug 2026, 05:30 AM IST"
4433462291,https://in.linkedin.com/jobs/view/data-engineer-at-finkraft-4433462291,2026-08-05,"05 Aug 2026, 05:30 AM IST"
4449477975,https://in.linkedin.com/jobs/view/data-engineer-at-huntingcube-4449477975,2026-08-05,"05 Aug 2026, 05:30 AM IST"
4449104490,https://in.linkedin.com/jobs/view/data-engineer-ii-at-american-express-4449104490,2026-08-05,"05 Aug 2026, 05:30 AM IST"
4438094003,https://in.linkedin.com/jobs/view/data-engineer-at-milliman-4438094003,2026-08-05,"05 Aug 2026, 05:30 AM IST"
4449601155,https://in.linkedin.com/jobs/view/analyst-data-engineering-at-hsbc-4449601155,2026-08-05,"05 Aug 2026, 05:30 AM IST"
4440018812,https://in.linkedin.com/jobs/view/data-engineer-at-commonwealth-bank-4440018812,2026-08-05,"05 Aug 2026, 05:30 AM IST"
4449640737,https://in.linkedin.com/jobs/view/data-engineer-at-berkadia-4449640737,2026-08-05,"05 Aug 2026, 05:30 AM IST"
4422831266,https://in.linkedin.com/jobs/view/senior-data-engineer-at-anko-gcc-4422831266,2026-08-05,"05 Aug 2026, 05:30 AM IST"
4449466975,https://in.linkedin.com/jobs/view/data-engineer-at-a-p-moller-maersk-4449466975,2026-08-05,"05 Aug 2026, 05:30 AM IST"
4447365141,https://in.linkedin.com/jobs/view/data-engineer-aws%2Bpyspark-at-zensar-technologies-4447365141,2026-08-05,"05 Aug 2026, 05:30 AM IST"
4440906923,https://in.linkedin.com/jobs/view/senior-data-engineer-at-commonwealth-bank-4440906923,2026-08-05,"05 Aug 2026, 05:30 AM IST"
4448951881,https://in.linkedin.com/jobs/view/data-engineer-i-5%E2%80%938-years-experience-required-at-general-mills-4448951881,2026-08-05,"05 Aug 2026, 05:30 AM IST"
4422824297,https://in.linkedin.com/jobs/view/lead-data-engineer-at-anko-gcc-4422824297,2026-08-05,"05 Aug 2026, 05:30 AM IST"
4393156367,https://in.linkedin.com/jobs/view/sr-data-engineer-5-pm-to-2-am-ist-at-crowdstrike-4393156367,2026-08-05,"05 Aug 2026, 05:30 AM IST"
4439882468,https://in.linkedin.com/jobs/view/azure-databricks-developer-at-birlasoft-4439882468,2026-08-05,"05 Aug 2026, 05:30 AM IST"
4449474811,https://in.linkedin.com/jobs/view/senior-data-engineer-senior-manager-at-state-street-4449474811,2026-08-05,"05 Aug 2026, 05:30 AM IST"
4435658809,https://in.linkedin.com/jobs/view/data-ai-compliance-analytics-engineer-at-booking-holdings-nasdaq-bkng-4435658809,2026-08-05,"05 Aug 2026, 05:30 AM IST"
4447342232,https://in.linkedin.com/jobs/view/data-engineer-plsql-python-at-fidelity-international-4447342232,2026-08-05,"05 Aug 2026, 05:30 AM IST"
4449482752,https://in.linkedin.com/jobs/view/senior-data-engineer-sql-at-happiest-minds-technologies-4449482752,2026-08-05,"05 Aug 2026, 05:30 AM IST"
4449643049,https://in.linkedin.com/jobs/view/senior-data-engineer-ai-ml-at-neolatika-4449643049,2026-08-05,"05 Aug 2026, 05:30 AM IST"
4448955334,https://in.linkedin.com/jobs/view/data-engineer-ii-7%E2%80%9312-years-experience-required-at-general-mills-4448955334,2026-08-05,"05 Aug 2026, 05:30 AM IST"
4439883488,https://in.linkedin.com/jobs/view/azure-databricks-developer-at-birlasoft-4439883488,2026-08-05,"05 Aug 2026, 05:30 AM IST"
4438083289,https://in.linkedin.com/jobs/view/data-developer-senior-associate-at-pwc-acceleration-center-india-4438083289,2026-08-05,"05 Aug 2026, 05:30 AM IST"
4449101621,https://in.linkedin.com/jobs/view/data-engineer-husky-guindy-chennai-at-husky-technologies-4449101621,2026-08-05,"05 Aug 2026, 05:30 AM IST"
4439580313,https://in.linkedin.com/jobs/view/in-specialist-dbt-data-engineer-sql-snowflake-d-a-advisory-bangalore-at-pwc-india-4439580313,2026-08-05,"05 Aug 2026, 05:30 AM IST"
4449627031,https://in.linkedin.com/jobs/view/analytics-engineer-at-salesforce-4449627031,2026-08-05,"05 Aug 2026, 05:30 AM IST"
4432267411,https://in.linkedin.com/jobs/view/lead-data-engineer-at-fuller-4432267411,2026-08-05,"05 Aug 2026, 05:30 AM IST"
4365452439,https://in.linkedin.com/jobs/view/senior-engineer-digital-innovation-data-engineer-at-celanese-4365452439,2026-08-05,"05 Aug 2026, 05:30 AM IST"
4448971610,https://in.linkedin.com/jobs/view/database-engineer-at-contentverse-by-computhink-4448971610,2026-08-05,"05 Aug 2026, 05:30 AM IST"
4448026101,https://in.linkedin.com/jobs/view/data-engineer-%E2%80%93-databricks-bigquery-snowflake-at-tencys-4448026101,2026-08-05,"05 Aug 2026, 05:30 AM IST"
4448536387,https://in.linkedin.com/jobs/view/data-engineer-at-kwalee-4448536387,2026-08-05,"04 Aug 2026, 05:30 AM IST"
4448887541,https://in.linkedin.com/jobs/view/data-engineer-at-amgen-4448887541,2026-08-05,"04 Aug 2026, 05:30 AM IST"
4440579746,https://in.linkedin.com/jobs/view/data-engineer-ii-at-isa-4440579746,2026-08-05,"04 Aug 2026, 05:30 AM IST"
4449047886,https://in.linkedin.com/jobs/view/senior-data-engineer-at-cgi-4449047886,2026-08-05,"04 Aug 2026, 05:30 AM IST"
4449980701,https://in.linkedin.com/jobs/view/senior-data-engineer-at-optum-india-4449980701,2026-08-06,"06 Aug 2026, 05:30 AM IST"
4449969634,https://in.linkedin.com/jobs/view/data-engineer-etl-at-barclays-4449969634,2026-08-06,"06 Aug 2026, 05:30 AM IST"
4449965691,https://in.linkedin.com/jobs/view/engineer-pyspark-sql-at-barclays-4449965691,2026-08-06,"06 Aug 2026, 05:30 AM IST"
4410967567,https://in.linkedin.com/jobs/view/cloud-data-engineer-at-radial-inc-4410967567,2026-08-06,"06 Aug 2026, 05:30 AM IST"
4449358393,https://in.linkedin.com/jobs/view/data-engineer-husky-guindy-chennai-at-husky-technologies-4449358393,2026-08-06,"06 Aug 2026, 05:30 AM IST"
4449957011,https://in.linkedin.com/jobs/view/data-engineer-ww-prime-core-services-at-amazon-4449957011,2026-08-06,"06 Aug 2026, 05:30 AM IST"
4449933814,https://in.linkedin.com/jobs/view/data-engineer-i-at-honeywell-technologies-4449933814,2026-08-06,"06 Aug 2026, 05:30 AM IST"
4448082697,https://in.linkedin.com/jobs/view/senior-data-engineer-python-job-at-yash-technologies-middle-east-4448082697,2026-08-06,"06 Aug 2026, 05:30 AM IST"
4449134222,https://in.linkedin.com/jobs/view/data-engineer-youtube-at-google-4449134222,2026-08-06,"05 Aug 2026, 05:30 AM IST"
4440212064,https://in.linkedin.com/jobs/view/data-engineer-ii-at-miq-4440212064,2026-08-06,"05 Aug 2026, 05:30 AM IST"
4448035682,https://in.linkedin.com/jobs/view/data-engineer-at-prasanz-4448035682,2026-08-06,"05 Aug 2026, 05:30 AM IST"
4448042124,https://in.linkedin.com/jobs/view/data-engineer-databricks-at-bridgenext-4448042124,2026-08-06,"05 Aug 2026, 05:30 AM IST"
4449137338,https://in.linkedin.com/jobs/view/data-engineer-at-quest-global-4449137338,2026-08-06,"05 Aug 2026, 05:30 AM IST"
4449692546,https://in.linkedin.com/jobs/view/data-engineer-at-gradera-4449692546,2026-08-06,"05 Aug 2026, 05:30 AM IST"
4449933124,https://in.linkedin.com/jobs/view/senior-data-engineer-at-moody-s-corporation-4449933124,2026-08-06,"05 Aug 2026, 05:30 AM IST"
4439902587,https://in.linkedin.com/jobs/view/pyspark-developer-at-infosys-4439902587,2026-08-06,"05 Aug 2026, 05:30 AM IST"
4395011548,https://in.linkedin.com/jobs/view/data-engineer-sql-airflow-python-at-bnp-paribas-4395011548,2026-08-06,"05 Aug 2026, 05:30 AM IST"
4447349889,https://in.linkedin.com/jobs/view/modern-data-engineer-iii-at-fidelity-international-4447349889,2026-08-06,"05 Aug 2026, 05:30 AM IST"
4449656704,https://in.linkedin.com/jobs/view/big-data-engineer-at-eazygurus-it-training-4449656704,2026-08-06,"05 Aug 2026, 05:30 AM IST"
4449103445,https://in.linkedin.com/jobs/view/data-engineer-aws%2Bpyspark-at-zensar-technologies-4449103445,2026-08-06,"05 Aug 2026, 05:30 AM IST"
4448947816,https://in.linkedin.com/jobs/view/senior-data-engineer-at-netradyne-4448947816,2026-08-06,"05 Aug 2026, 05:30 AM IST"
4440204292,https://in.linkedin.com/jobs/view/azure-data-engineer-at-edwards-vacuum-4440204292,2026-08-06,"05 Aug 2026, 05:30 AM IST"
4440218536,https://in.linkedin.com/jobs/view/enterprise-data-analytics-engineer-at-kenvue-4440218536,2026-08-06,"05 Aug 2026, 05:30 AM IST"
4438069704,https://in.linkedin.com/jobs/view/data-engineer-data-integration-at-ibm-4438069704,2026-08-06,"05 Aug 2026, 05:30 AM IST"
4430476456,https://in.linkedin.com/jobs/view/data-engineer-snowflake-dbt-tieto-tech-consulting-m-f-d-at-tieto-4430476456,2026-08-06,"05 Aug 2026, 05:30 AM IST"
4444953109,https://in.linkedin.com/jobs/view/azure-databricks-engineer-at-capgemini-4444953109,2026-08-06,"05 Aug 2026, 05:30 AM IST"
4448071543,https://in.linkedin.com/jobs/view/senior-data-engineer-at-mastercard-4448071543,2026-08-06,"05 Aug 2026, 05:30 AM IST"
4449626933,https://in.linkedin.com/jobs/view/sr-data-engineer-at-amgen-4449626933,2026-08-06,"05 Aug 2026, 05:30 AM IST"
4448990612,https://in.linkedin.com/jobs/view/gcp-data-engineering-bangalore-at-zensar-technologies-4448990612,2026-08-06,"05 Aug 2026, 05:30 AM IST"
4448052780,https://in.linkedin.com/jobs/view/senior-data-engineer-at-workday-4448052780,2026-08-06,"05 Aug 2026, 05:30 AM IST"
4448034993,https://in.linkedin.com/jobs/view/sr-data-engineer-big-data-analytics-engineering-at-mastercard-4448034993,2026-08-06,"05 Aug 2026, 05:30 AM IST"
4411201193,https://in.linkedin.com/jobs/view/data-engineer-at-accel-digital-ad-operations-4411201193,2026-08-06,"05 Aug 2026, 05:30 AM IST"
4427471806,https://in.linkedin.com/jobs/view/python-data-engineering-at-cognizant-4427471806,2026-08-06,"05 Aug 2026, 05:30 AM IST"
4449481873,https://in.linkedin.com/jobs/view/data-engineer-amazon-payment-products-at-amazon-4449481873,2026-08-06,"05 Aug 2026, 05:30 AM IST"
4449921130,https://in.linkedin.com/jobs/view/senior-data-engineer-ii-at-alter-domus-4449921130,2026-08-06,"05 Aug 2026, 05:30 AM IST"
4448032170,https://in.linkedin.com/jobs/view/data-engineer-at-ascentt-4448032170,2026-08-06,"05 Aug 2026, 05:30 AM IST"
4448048032,https://in.linkedin.com/jobs/view/insurance-data-engineering-data-engineer-at-kkr-4448048032,2026-08-06,"05 Aug 2026, 05:30 AM IST"
4448964045,https://in.linkedin.com/jobs/view/cpw-data-engineer-ii-at-general-mills-4448964045,2026-08-06,"05 Aug 2026, 05:30 AM IST"
4435531653,https://in.linkedin.com/jobs/view/senior-data-engineer-at-jiostar-4435531653,2026-08-06,"05 Aug 2026, 05:30 AM IST"
4449662700,https://in.linkedin.com/jobs/view/data-engineer-%E2%80%93-flink-at-d4-insight-4449662700,2026-08-06,"05 Aug 2026, 05:30 AM IST"
4449113754,https://in.linkedin.com/jobs/view/senior-big-data-engineer-at-qualys-4449113754,2026-08-06,"05 Aug 2026, 05:30 AM IST"
4449681018,https://in.linkedin.com/jobs/view/senior-data-engineer-at-clarivate-4449681018,2026-08-06,"05 Aug 2026, 05:30 AM IST"
4449692688,https://in.linkedin.com/jobs/view/python-aws-databricks-at-cgi-4449692688,2026-08-06,"05 Aug 2026, 05:30 AM IST"
4449684023,https://in.linkedin.com/jobs/view/data-engineer-i-at-experity-4449684023,2026-08-06,"05 Aug 2026, 05:30 AM IST"
4449647393,https://in.linkedin.com/jobs/view/senior-data-engineer-at-zocket-test-4449647393,2026-08-06,"05 Aug 2026, 05:30 AM IST"
4449695620,https://in.linkedin.com/jobs/view/python-pyspark-aws-at-cgi-4449695620,2026-08-06,"05 Aug 2026, 05:30 AM IST"
4448044623,https://in.linkedin.com/jobs/view/data-engineer-scientist-at-prasanz-4448044623,2026-08-06,"05 Aug 2026, 05:30 AM IST"
4429833928,https://in.linkedin.com/jobs/view/data-engineer-senior-at-ey-4429833928,2026-08-06,"05 Aug 2026, 05:30 AM IST"
4445204169,https://in.linkedin.com/jobs/view/solutions-engineer-data-engineering-at-astronomer-4445204169,2026-08-06,"05 Aug 2026, 05:30 AM IST"
4429237336,https://in.linkedin.com/jobs/view/senior-software-development-engineer-data-engineering-adtech-at-jiostar-4429237336,2026-08-06,"05 Aug 2026, 05:30 AM IST"
4404007968,https://in.linkedin.com/jobs/view/data-engineer-at-worldquant-4404007968,2026-08-06,"05 Aug 2026, 05:30 AM IST"
4449309377,https://in.linkedin.com/jobs/view/java-pyspark-bigdata-developer-at-citi-4449309377,2026-08-06,"05 Aug 2026, 05:30 AM IST"
4448023085,https://in.linkedin.com/jobs/view/data-engineer-%E2%80%93-ms-sql-snowflake-at-tekfriday-processing-solutions-pvt-ltd-4448023085,2026-08-06,"05 Aug 2026, 05:30 AM IST"
4385021540,https://in.linkedin.com/jobs/view/senior-security-data-engineer-at-clearwater-4385021540,2026-08-06,"05 Aug 2026, 05:30 AM IST"
4449496247,https://in.linkedin.com/jobs/view/databricks-engineer-at-huntingcube-4449496247,2026-08-06,"05 Aug 2026, 05:30 AM IST"
4448012953,https://in.linkedin.com/jobs/view/senior-data-engineer-lead-data-engineer-at-team-geek-solutions-4448012953,2026-08-06,"05 Aug 2026, 05:30 AM IST"
4448025152,https://in.linkedin.com/jobs/view/data-engineer-at-ascentt-4448025152,2026-08-06,"05 Aug 2026, 05:30 AM IST"
4440234392,https://in.linkedin.com/jobs/view/java-data-engineer-irc300002-at-globallogic-4440234392,2026-08-06,"05 Aug 2026, 05:30 AM IST"
4440550414,https://in.linkedin.com/jobs/view/software-developer-2-data-platform-at-kinaxis-4440550414,2026-08-06,"05 Aug 2026, 05:30 AM IST"
4438087358,https://in.linkedin.com/jobs/view/senior-data-engineer-at-milliman-4438087358,2026-08-06,"05 Aug 2026, 05:30 AM IST"
4422950614,https://in.linkedin.com/jobs/view/senior-etl-cloud-engineer-at-solventum-4422950614,2026-08-06,"05 Aug 2026, 05:30 AM IST"
4431287115,https://in.linkedin.com/jobs/view/people-data-engineering-lead-at-millennium-4431287115,2026-08-06,"05 Aug 2026, 05:30 AM IST"
4449660715,https://in.linkedin.com/jobs/view/data-engineer-%E2%80%93-real-time-streaming-flink-java-kafka-at-d4-insight-4449660715,2026-08-06,"05 Aug 2026, 05:30 AM IST"
4448965211,https://in.linkedin.com/jobs/view/senior-data-engineer-jaipur-india-at-thoughtswin-4448965211,2026-08-06,"05 Aug 2026, 05:30 AM IST"
4450247148,https://in.linkedin.com/jobs/view/data-engineer-python-and-azure-data-bricks-at-capco-4450247148,2026-08-07,"06 Aug 2026, 05:30 AM IST"
4450055033,https://in.linkedin.com/jobs/view/data-engineer-at-owl-ventures-4450055033,2026-08-07,"07 Aug 2026, 05:30 AM IST"
4450039714,https://in.linkedin.com/jobs/view/data-engineer-at-rxlogix-corporation-4450039714,2026-08-07,"07 Aug 2026, 05:30 AM IST"
4450044461,https://in.linkedin.com/jobs/view/data-engineer-etl-at-hackajob-4450044461,2026-08-07,"07 Aug 2026, 05:30 AM IST"
4448444083,https://in.linkedin.com/jobs/view/data-engineer-at-barclays-4448444083,2026-08-07,"07 Aug 2026, 05:30 AM IST"
4448713210,https://in.linkedin.com/jobs/view/data-engineer-at-covaicareers-com-4448713210,2026-08-07,"07 Aug 2026, 05:30 AM IST"
4450672382,https://in.linkedin.com/jobs/view/data-engineer-i-amazon-at-amazon-4450672382,2026-08-07,"07 Aug 2026, 05:30 AM IST"
4449757496,https://in.linkedin.com/jobs/view/data-engineer-at-rockstar-games-4449757496,2026-08-07,"06 Aug 2026, 05:30 AM IST"
4449377884,https://in.linkedin.com/jobs/view/data-engineer-3-at-amadeus-4449377884,2026-08-07,"06 Aug 2026, 05:30 AM IST"
4440893404,https://in.linkedin.com/jobs/view/software-data-engineer-at-cgi-4440893404,2026-08-07,"06 Aug 2026, 05:30 AM IST"
4438401417,https://in.linkedin.com/jobs/view/data-engineer-python-etl-at-virtusa-4438401417,2026-08-07,"06 Aug 2026, 05:30 AM IST"
4448439073,https://in.linkedin.com/jobs/view/senior-data-engineer-at-ralph-lauren-4448439073,2026-08-07,"06 Aug 2026, 05:30 AM IST"
4388472197,https://in.linkedin.com/jobs/view/data-engineer-iii-at-walmart-global-tech-india-4388472197,2026-08-07,"06 Aug 2026, 05:30 AM IST"
4406230609,https://in.linkedin.com/jobs/view/data-engineer-at-hackajob-4406230609,2026-08-07,"06 Aug 2026, 05:30 AM IST"
4449762020,https://in.linkedin.com/jobs/view/azure-data-engineer-at-fractal-4449762020,2026-08-07,"06 Aug 2026, 05:30 AM IST"
4450629501,https://in.linkedin.com/jobs/view/staff-engineer-data-engineering-at-sandisk-4450629501,2026-08-07,"06 Aug 2026, 05:30 AM IST"
4449385542,https://in.linkedin.com/jobs/view/data-engineer-at-infosys-4449385542,2026-08-07,"06 Aug 2026, 05:30 AM IST"
4450616424,https://in.linkedin.com/jobs/view/senior-data-engineer-at-salesforce-4450616424,2026-08-07,"06 Aug 2026, 05:30 AM IST"
4441243984,https://in.linkedin.com/jobs/view/data-engineer-ii-python-aws-at-lpl-financial-global-capability-center-4441243984,2026-08-07,"06 Aug 2026, 05:30 AM IST"
4438424567,https://in.linkedin.com/jobs/view/databricks-at-virtusa-4438424567,2026-08-07,"06 Aug 2026, 05:30 AM IST"
4449733648,https://in.linkedin.com/jobs/view/data-engineer-iot-intelligence-%2B-etl-pipelines-at-digitalpaani-4449733648,2026-08-07,"06 Aug 2026, 05:30 AM IST"
4450279291,https://in.linkedin.com/jobs/view/data-engineer-dbt-at-accel-digital-ad-operations-4450279291,2026-08-07,"06 Aug 2026, 05:30 AM IST"
4441608270,https://in.linkedin.com/jobs/view/data-engineer-at-cisco-4441608270,2026-08-07,"06 Aug 2026, 05:30 AM IST"
4450287623,https://in.linkedin.com/jobs/view/data-engineer-l3-at-forbes-advisor-4450287623,2026-08-07,"06 Aug 2026, 05:30 AM IST"
4448419921,https://in.linkedin.com/jobs/view/senior-data-engineer-at-version-1-4448419921,2026-08-07,"06 Aug 2026, 05:30 AM IST"
4426605797,https://in.linkedin.com/jobs/view/sr-data-engineer-at-five9-4426605797,2026-08-07,"06 Aug 2026, 05:30 AM IST"
4421876424,https://in.linkedin.com/jobs/view/senior-member-data-engineer-data-extraction-at-d-e-shaw-india-private-limited-4421876424,2026-08-07,"06 Aug 2026, 05:30 AM IST"
4448437415,https://in.linkedin.com/jobs/view/associate-engineer-data-engineer-at-harman-india-4448437415,2026-08-07,"06 Aug 2026, 05:30 AM IST"
4429881219,https://in.linkedin.com/jobs/view/data-engineer-data-platforms-aws-at-ibm-4429881219,2026-08-07,"06 Aug 2026, 05:30 AM IST"
4429836784,https://in.linkedin.com/jobs/view/aml-senior-data-engineer-at-bnp-paribas-4429836784,2026-08-07,"06 Aug 2026, 05:30 AM IST"
4440944671,https://in.linkedin.com/jobs/view/lead-data-engineer-at-dyson-4440944671,2026-08-07,"06 Aug 2026, 05:30 AM IST"
4410616474,https://in.linkedin.com/jobs/view/senior-data-engineer-at-procter-gamble-4410616474,2026-08-07,"06 Aug 2026, 05:30 AM IST"
4448479060,https://in.linkedin.com/jobs/view/senior-data-engineer-at-salesforce-ad-4448479060,2026-08-07,"06 Aug 2026, 05:30 AM IST"
4429876292,https://in.linkedin.com/jobs/view/data-engineer-data-platforms-aws-at-ibm-4429876292,2026-08-07,"06 Aug 2026, 05:30 AM IST"
4421869446,https://in.linkedin.com/jobs/view/senior-member-data-engineer-data-extraction-at-d-e-shaw-india-private-limited-4421869446,2026-08-07,"06 Aug 2026, 05:30 AM IST"
4440280365,https://in.linkedin.com/jobs/view/data-engineer-ii-at-five9-4440280365,2026-08-07,"06 Aug 2026, 05:30 AM IST"
4449744344,https://in.linkedin.com/jobs/view/lead-data-engineering-at-tesco-bengaluru-4449744344,2026-08-07,"06 Aug 2026, 05:30 AM IST"
4450613738,https://in.linkedin.com/jobs/view/senior-data-engineer-at-rearc-4450613738,2026-08-07,"06 Aug 2026, 05:30 AM IST"
4441603593,https://in.linkedin.com/jobs/view/senior-big-data-engineer-at-dunnhumby-4441603593,2026-08-07,"06 Aug 2026, 05:30 AM IST"
4413036031,https://in.linkedin.com/jobs/view/manager-data-engineering-at-micron-technology-4413036031,2026-08-07,"06 Aug 2026, 05:30 AM IST"
4438720163,https://in.linkedin.com/jobs/view/senior-data-engineer-at-beckman-coulter-life-sciences-4438720163,2026-08-07,"06 Aug 2026, 05:30 AM IST"
4440624178,https://in.linkedin.com/jobs/view/databricks-consultant-at-infosys-4440624178,2026-08-07,"06 Aug 2026, 05:30 AM IST"
4450212351,https://in.linkedin.com/jobs/view/data-engineer-so-at-opella-4450212351,2026-08-07,"06 Aug 2026, 05:30 AM IST"
4450615728,https://in.linkedin.com/jobs/view/senior-data-engineer-at-rearc-4450615728,2026-08-07,"06 Aug 2026, 05:30 AM IST"
4450225716,https://in.linkedin.com/jobs/view/azure-databricks-engineer-at-capgemini-4450225716,2026-08-07,"06 Aug 2026, 05:30 AM IST"
4441523499,https://in.linkedin.com/jobs/view/gcp-data-engineer-at-vois-4441523499,2026-08-07,"06 Aug 2026, 05:30 AM IST"
4449735503,https://in.linkedin.com/jobs/view/lead-data-engineering-at-tesco-business-solutions-4449735503,2026-08-07,"06 Aug 2026, 05:30 AM IST"
4449737681,https://in.linkedin.com/jobs/view/data-engineer-at-ascendion-4449737681,2026-08-07,"06 Aug 2026, 05:30 AM IST"
4450265740,https://in.linkedin.com/jobs/view/data-engineer-it-finance-domain-at-valmet-4450265740,2026-08-07,"06 Aug 2026, 05:30 AM IST"
4429854563,https://in.linkedin.com/jobs/view/senior-data-engineer-pune-at-bmc-helix-4429854563,2026-08-07,"06 Aug 2026, 05:30 AM IST"
4448400355,https://in.linkedin.com/jobs/view/ey-gds-consulting-ai-and-data-databricks-senior-at-ey-4448400355,2026-08-07,"06 Aug 2026, 05:30 AM IST"
4449746996,https://in.linkedin.com/jobs/view/senior-data-engineer-at-autodesk-4449746996,2026-08-07,"06 Aug 2026, 05:30 AM IST"
4450279733,https://in.linkedin.com/jobs/view/senior-data-engineer-at-viasat-4450279733,2026-08-07,"06 Aug 2026, 05:30 AM IST"
4432550724,https://in.linkedin.com/jobs/view/staff-software-engineer-data-audience-platform-team-hyderabad-at-warner-bros-discovery-4432550724,2026-08-07,"06 Aug 2026, 05:30 AM IST"
4441221202,https://in.linkedin.com/jobs/view/senior-data-engineer-pyspark-databricks-sql-at-thales-4441221202,2026-08-07,"06 Aug 2026, 05:30 AM IST"
4448093483,https://in.linkedin.com/jobs/view/ey-gds-consulting-ai-and-data-databricks-senior-at-ey-4448093483,2026-08-07,"06 Aug 2026, 05:30 AM IST"
4448446262,https://in.linkedin.com/jobs/view/lead-data-engineer-at-mastercard-4448446262,2026-08-07,"06 Aug 2026, 05:30 AM IST"
4449781739,https://in.linkedin.com/jobs/view/lead-data-engineer-at-general-mills-4449781739,2026-08-07,"06 Aug 2026, 05:30 AM IST"
4449755729,https://in.linkedin.com/jobs/view/principal-data-engineer-at-autodesk-4449755729,2026-08-07,"06 Aug 2026, 05:30 AM IST"
4450212211,https://in.linkedin.com/jobs/view/data-engineer-at-rarr-technologies-pvt-ltd-4450212211,2026-08-07,"06 Aug 2026, 05:30 AM IST"
4450227026,https://in.linkedin.com/jobs/view/senior-data-engineer-at-r3-consultant-4450227026,2026-08-07,"06 Aug 2026, 05:30 AM IST"
4449968665,https://in.linkedin.com/jobs/view/data-engineer-aws-cloud-engineer-at-barclays-4449968665,2026-08-07,"06 Aug 2026, 05:30 AM IST"
4449742674,https://in.linkedin.com/jobs/view/data-engineer-at-emagine-4449742674,2026-08-07,"06 Aug 2026, 05:30 AM IST"
4382942745,https://in.linkedin.com/jobs/view/associate-%E2%80%93-data-engineer-data-business-coe-at-bain-company-4382942745,2026-08-07,"06 Aug 2026, 05:30 AM IST"
4432623938,https://in.linkedin.com/jobs/view/graph-database-engineer-at-lseg-4432623938,2026-08-07,"06 Aug 2026, 05:30 AM IST"
4419076637,https://in.linkedin.com/jobs/view/commercial-senior-data-engineer-at-atlas-copco-group-4419076637,2026-08-07,"06 Aug 2026, 05:30 AM IST"
4450634394,https://in.linkedin.com/jobs/view/analytics-engineer-i-at-bristol-myers-squibb-4450634394,2026-08-07,"06 Aug 2026, 05:30 AM IST"
4447087514,https://in.linkedin.com/jobs/view/senior-azure-data-engineer-at-synoptek-4447087514,2026-08-07,"06 Aug 2026, 05:30 AM IST"
4440249041,https://in.linkedin.com/jobs/view/xceptor-etl-developer-at-citi-4440249041,2026-08-07,"06 Aug 2026, 05:30 AM IST"
4443281415,https://in.linkedin.com/jobs/view/application-developer-aws-data-engineer-qlik-sense-at-fujitsu-4443281415,2026-08-07,"06 Aug 2026, 05:30 AM IST"
4450050794,https://in.linkedin.com/jobs/view/big-data-engineer-remote-at-quik-hire-staffing-4450050794,2026-08-07,"07 Aug 2026, 05:30 AM IST"
4450688685,https://in.linkedin.com/jobs/view/data-engineering-mts-at-salesforce-4450688685,2026-08-07,"07 Aug 2026, 05:30 AM IST"
4441162609,https://in.linkedin.com/jobs/view/data-engineer-at-vida-digital-identity-4441162609,2026-08-07,"07 Aug 2026, 05:30 AM IST"
4440797335,https://in.linkedin.com/jobs/view/data-engineer-at-infosys-4440797335,2026-08-07,"07 Aug 2026, 05:30 AM IST"
4433317372,https://in.linkedin.com/jobs/view/data-engineer-data-products-at-kone-4433317372,2026-08-07,"07 Aug 2026, 05:30 AM IST"
4420411286,https://in.linkedin.com/jobs/view/data-engineer-at-avigna-ai-4420411286,2026-08-07,"07 Aug 2026, 05:30 AM IST"
4448784016,https://in.linkedin.com/jobs/view/data-engineer-at-huntingcube-4448784016,2026-08-07,"07 Aug 2026, 05:30 AM IST"
4448711895,https://in.linkedin.com/jobs/view/data-engineer-at-huntingcube-4448711895,2026-08-07,"07 Aug 2026, 05:30 AM IST"
4441674340,https://in.linkedin.com/jobs/view/data-engineer-at-mattel-inc-4441674340,2026-08-07,"07 Aug 2026, 05:30 AM IST"
4450333417,https://in.linkedin.com/jobs/view/data-etl-engineer-at-ascendion-4450333417,2026-08-07,"07 Aug 2026, 05:30 AM IST"
4448711769,https://in.linkedin.com/jobs/view/data-engineer-at-jash-data-sciences-4448711769,2026-08-07,"07 Aug 2026, 05:30 AM IST"
4450304533,https://in.linkedin.com/jobs/view/data-engineer-at-a-p-moller-maersk-4450304533,2026-08-07,"07 Aug 2026, 05:30 AM IST"
4450091214,https://in.linkedin.com/jobs/view/software-engineer-data-engineering-at-caterpillar-inc-4450091214,2026-08-07,"07 Aug 2026, 05:30 AM IST"
4450062627,https://in.linkedin.com/jobs/view/senior-data-engineer-career-at-equifax-4450062627,2026-08-07,"07 Aug 2026, 05:30 AM IST"
4441489245,https://in.linkedin.com/jobs/view/data-engineer-teradata-python-julia-at-ntt-data-north-america-4441489245,2026-08-07,"07 Aug 2026, 05:30 AM IST"
4439999690,https://in.linkedin.com/jobs/view/data-engineer-at-hackajob-4439999690,2026-08-07,"07 Aug 2026, 05:30 AM IST"
4450060599,https://in.linkedin.com/jobs/view/associate-%E2%80%93-data-engineer-data-business-coe-at-bain-company-4450060599,2026-08-07,"07 Aug 2026, 05:30 AM IST"
4410184370,https://in.linkedin.com/jobs/view/senior-data-engineer-at-virtusa-4410184370,2026-08-07,"07 Aug 2026, 05:30 AM IST"
4450335169,https://in.linkedin.com/jobs/view/databricks-de-at-ascendion-4450335169,2026-08-07,"07 Aug 2026, 05:30 AM IST"
4450079900,https://in.linkedin.com/jobs/view/senior-software-engineer-data-engineering-at-caterpillar-inc-4450079900,2026-08-07,"07 Aug 2026, 05:30 AM IST"
4448751468,https://in.linkedin.com/jobs/view/lead-i-data-engineering-at-ust-4448751468,2026-08-07,"07 Aug 2026, 05:30 AM IST"
4438727315,https://in.linkedin.com/jobs/view/lead-i-data-engineering-at-ust-4438727315,2026-08-07,"07 Aug 2026, 05:30 AM IST"
4439208879,https://in.linkedin.com/jobs/view/gen-ai-data-engineer-at-mobility-global-4439208879,2026-08-07,"07 Aug 2026, 05:30 AM IST"
4441489465,https://in.linkedin.com/jobs/view/lead-data-platform-engineer-at-experian-4441489465,2026-08-07,"07 Aug 2026, 05:30 AM IST"
4448770914,https://in.linkedin.com/jobs/view/senior-associate-data-engineer-eds-at-ey-4448770914,2026-08-07,"07 Aug 2026, 05:30 AM IST"
4450315314,https://in.linkedin.com/jobs/view/manager-data-engineer-azure-at-sun-pharma-4450315314,2026-08-07,"07 Aug 2026, 05:30 AM IST"
4448765992,https://in.linkedin.com/jobs/view/senior-associate-data-engineer-eds-at-ey-4448765992,2026-08-07,"07 Aug 2026, 05:30 AM IST"
4441489442,https://in.linkedin.com/jobs/view/sr-data-engineer-l-etl-data-pipeline-development-python-sql-at-here-technologies-4441489442,2026-08-07,"07 Aug 2026, 05:30 AM IST"
4432960200,https://in.linkedin.com/jobs/view/data-engineering-lead-at-metyis-4432960200,2026-08-07,"07 Aug 2026, 05:30 AM IST"
4225879028,https://in.linkedin.com/jobs/view/lead-big-data-engineer-at-qualys-4225879028,2026-08-07,"07 Aug 2026, 05:30 AM IST"
4448791214,https://in.linkedin.com/jobs/view/data-engineer-at-flexiple-4448791214,2026-08-07,"07 Aug 2026, 05:30 AM IST"
4450070807,https://in.linkedin.com/jobs/view/data-engineer-at-zigsaw-4450070807,2026-08-07,"07 Aug 2026, 05:30 AM IST"
4448715751,https://in.linkedin.com/jobs/view/lead-data-engineer-at-wipro-4448715751,2026-08-07,"07 Aug 2026, 05:30 AM IST"
4448778283,https://in.linkedin.com/jobs/view/senior-engineer-customer-data-platform-at-pvh-corp-4448778283,2026-08-07,"07 Aug 2026, 05:30 AM IST"
4449375952,https://in.linkedin.com/jobs/view/data-engineer-at-hackajob-4449375952,2026-08-07,"06 Aug 2026, 05:30 AM IST"
4441620162,https://in.linkedin.com/jobs/view/senior-software-engineer-data-engineering-commerce-team-hyderabad-at-warner-bros-discovery-4441620162,2026-08-07,"06 Aug 2026, 05:30 AM IST"
4450283533,https://in.linkedin.com/jobs/view/senior-data-engineer-at-viasat-4450283533,2026-08-07,"06 Aug 2026, 05:30 AM IST"
4448448284,https://in.linkedin.com/jobs/view/principal-data-engineer-at-mastercard-4448448284,2026-08-07,"06 Aug 2026, 05:30 AM IST"
4450646561,https://in.linkedin.com/jobs/view/threat-intelligence-data-engineer-at-heroic-cybersecurity-4450646561,2026-08-07,"06 Aug 2026, 05:30 AM IST"
4440672097,https://in.linkedin.com/jobs/view/databricks-%2B-pyspark-at-cognizant-4440672097,2026-08-07,"06 Aug 2026, 05:30 AM IST"
4450294920,https://in.linkedin.com/jobs/view/senior-data-engineering-psm-libra-at-capco-4450294920,2026-08-07,"06 Aug 2026, 05:30 AM IST"
4450282046,https://in.linkedin.com/jobs/view/senior-data-engineer-at-wipro-4450282046,2026-08-07,"06 Aug 2026, 05:30 AM IST"
4158138939,https://in.linkedin.com/jobs/view/staff-database-engineer-sql-nosql-terraform-at-calix-india-4158138939,2026-08-07,"06 Aug 2026, 05:30 AM IST"
4451322707,https://in.linkedin.com/jobs/view/big-data-engineer-remote-at-quik-hire-staffing-4451322707,2026-08-09,"09 Aug 2026, 05:30 AM IST"
4414693163,https://in.linkedin.com/jobs/view/senior-data-engineer-at-ab-inbev-apac-4414693163,2026-08-09,"08 Aug 2026, 05:30 AM IST"
4451057148,https://in.linkedin.com/jobs/view/software-engineer-human-data-platforms-remote-at-hire-feed-4451057148,2026-08-09,"08 Aug 2026, 05:30 AM IST"
4366314193,https://in.linkedin.com/jobs/view/data-engineer-at-linde%40india-4366314193,2026-08-09,"08 Aug 2026, 05:30 AM IST"
4411994402,https://in.linkedin.com/jobs/view/data-engineer-at-linde-4411994402,2026-08-09,"08 Aug 2026, 05:30 AM IST"
4415011669,https://in.linkedin.com/jobs/view/data-engineer-at-fractal-4415011669,2026-08-09,"08 Aug 2026, 05:30 AM IST"
4414257252,https://in.linkedin.com/jobs/view/data-engineer-at-avahi-4414257252,2026-08-09,"08 Aug 2026, 05:30 AM IST"
4430236418,https://in.linkedin.com/jobs/view/pyspark-data-engineer-at-virtusa-4430236418,2026-08-09,"08 Aug 2026, 05:30 AM IST"
4432936997,https://in.linkedin.com/jobs/view/data-engineering-associate-at-metyis-4432936997,2026-08-09,"08 Aug 2026, 05:30 AM IST"
4433443395,https://in.linkedin.com/jobs/view/data-engineer-at-hackajob-4433443395,2026-08-09,"08 Aug 2026, 05:30 AM IST"
4450902862,https://in.linkedin.com/jobs/view/data-engineer-etl-at-hackajob-4450902862,2026-08-09,"08 Aug 2026, 05:30 AM IST"
4451095942,https://in.linkedin.com/jobs/view/data-engineer-at-intuitive-apps-inc-4451095942,2026-08-09,"08 Aug 2026, 05:30 AM IST"
4450902859,https://in.linkedin.com/jobs/view/data-engineer-at-netlink-computer-inc-4450902859,2026-08-09,"08 Aug 2026, 05:30 AM IST"
4450599605,https://in.linkedin.com/jobs/view/data-engineer-iii-batch-processing-at-expedia-group-4450599605,2026-08-09,"08 Aug 2026, 05:30 AM IST"
4451096014,https://in.linkedin.com/jobs/view/senior-data-engineer-at-mattel-inc-4451096014,2026-08-09,"08 Aug 2026, 05:30 AM IST"
4424123370,https://in.linkedin.com/jobs/view/sr-data-engineer-at-cohere-health-4424123370,2026-08-09,"08 Aug 2026, 05:30 AM IST"
4430600943,https://in.linkedin.com/jobs/view/data-engineer-data-platforms-aws-at-ibm-4430600943,2026-08-09,"08 Aug 2026, 05:30 AM IST"
4451069277,https://in.linkedin.com/jobs/view/senior-data-engineer-at-salesforce-ad-4451069277,2026-08-09,"08 Aug 2026, 05:30 AM IST"
4411193139,https://in.linkedin.com/jobs/view/data-engineer-data-integration-at-ibm-4411193139,2026-08-09,"08 Aug 2026, 05:30 AM IST"
4430220549,https://in.linkedin.com/jobs/view/database-engineer-at-mouser-electronics-4430220549,2026-08-09,"08 Aug 2026, 05:30 AM IST"
3983073093,https://in.linkedin.com/jobs/view/azure-data-engineer-at-fractal-3983073093,2026-08-09,"08 Aug 2026, 05:30 AM IST"
4441999570,https://in.linkedin.com/jobs/view/lead-data-engineer-at-us-pharmacopeia-4441999570,2026-08-09,"08 Aug 2026, 05:30 AM IST"
4432957379,https://in.linkedin.com/jobs/view/data-engineering-associate-at-metyis-4432957379,2026-08-09,"08 Aug 2026, 05:30 AM IST"
4382571350,https://in.linkedin.com/jobs/view/data-engineer-lead-at-onsemi-4382571350,2026-08-09,"08 Aug 2026, 05:30 AM IST"
4440751781,https://in.linkedin.com/jobs/view/lead-data-engineer-at-principal-financial-group-4440751781,2026-08-09,"08 Aug 2026, 05:30 AM IST"
4433319561,https://in.linkedin.com/jobs/view/senior-data-engineer-at-healthedge-4433319561,2026-08-09,"08 Aug 2026, 05:30 AM IST"
4425838727,https://in.linkedin.com/jobs/view/sr-specialist-data-engineering-at-colgate-palmolive-4425838727,2026-08-09,"08 Aug 2026, 05:30 AM IST"
4424223447,https://in.linkedin.com/jobs/view/devops-data-pipeline-engineer-at-siemens-4424223447,2026-08-09,"08 Aug 2026, 05:30 AM IST"
4411551054,https://in.linkedin.com/jobs/view/senior-data-engineer-at-kla-4411551054,2026-08-09,"08 Aug 2026, 05:30 AM IST"
4420161301,https://in.linkedin.com/jobs/view/principal-data-engineer-at-oracle-4420161301,2026-08-09,"08 Aug 2026, 05:30 AM IST"
4442446395,https://in.linkedin.com/jobs/view/lead-data-engineer-strategic-data-provisioning-data-engineer-at-jpmorganchase-4442446395,2026-08-09,"08 Aug 2026, 05:30 AM IST"
4414472099,https://in.linkedin.com/jobs/view/data-platform-engineering-lead-aitds-at-cognizant-4414472099,2026-08-09,"08 Aug 2026, 05:30 AM IST"
4449243483,https://in.linkedin.com/jobs/view/databricks-developer-at-ust-4449243483,2026-08-09,"08 Aug 2026, 05:30 AM IST"
4402480626,https://in.linkedin.com/jobs/view/principal-data-engineer-at-eaton-4402480626,2026-08-09,"08 Aug 2026, 05:30 AM IST"
4449260282,https://in.linkedin.com/jobs/view/senior-data-engineer-aws-at-auxo-ai-4449260282,2026-08-09,"08 Aug 2026, 05:30 AM IST"
4350270056,https://in.linkedin.com/jobs/view/fmre-data-engineer-senior-associate-at-pwc-acceleration-center-india-4350270056,2026-08-09,"08 Aug 2026, 05:30 AM IST"
4402476768,https://in.linkedin.com/jobs/view/mts-2-software-engineer-data-platforms-at-ebay-4402476768,2026-08-09,"08 Aug 2026, 05:30 AM IST"
4451074686,https://in.linkedin.com/jobs/view/data-engineer-at-flexiple-4451074686,2026-08-09,"08 Aug 2026, 05:30 AM IST"
4411501657,https://in.linkedin.com/jobs/view/staff-data-platform-engineer-at-zendesk-4411501657,2026-08-09,"08 Aug 2026, 05:30 AM IST"
4422950526,https://in.linkedin.com/jobs/view/avp-tech-data-engineer-mdm-at-lpl-financial-global-capability-center-4422950526,2026-08-09,"08 Aug 2026, 05:30 AM IST"
4450920492,https://in.linkedin.com/jobs/view/spark-developer-at-infracloud-4450920492,2026-08-09,"08 Aug 2026, 05:30 AM IST"
4433801707,https://in.linkedin.com/jobs/view/lead-ii-software-engineering-spark-hadoop-at-ust-4433801707,2026-08-09,"08 Aug 2026, 05:30 AM IST"
4324229357,https://in.linkedin.com/jobs/view/data-engineer-gcp-bigquery-shell-scripting-jenkins-terraform-sql-python-power-bi-at-ups-4324229357,2026-08-09,"08 Aug 2026, 05:30 AM IST"
4292866856,https://in.linkedin.com/jobs/view/in-senior-associate-aws-data-engineer-advisory-corporate-advisory-bangalore-at-pwc-india-4292866856,2026-08-09,"08 Aug 2026, 05:30 AM IST"
4423535117,https://in.linkedin.com/jobs/view/lead-product-ai-data-engineer-architect-at-clarivate-4423535117,2026-08-09,"08 Aug 2026, 05:30 AM IST"
4292879029,https://in.linkedin.com/jobs/view/in-senior-associate-azure-data-engineer-data-and-analytics-advisory-gurugram-at-pwc-india-4292879029,2026-08-09,"08 Aug 2026, 05:30 AM IST"
4398066581,https://in.linkedin.com/jobs/view/lead-data-engineer-data-architect-at-boston-insights-4398066581,2026-08-09,"08 Aug 2026, 05:30 AM IST"
4449264149,https://in.linkedin.com/jobs/view/ai-ml-engineer-%C3%A2%C2%80%C2%93-data-science-data-engineering-at-topgrep-tech-private-limited-4449264149,2026-08-09,"08 Aug 2026, 05:30 AM IST"
4432671300,https://in.linkedin.com/jobs/view/enterprise-data-architect-at-adani-airport-holdings-ltd-4432671300,2026-08-09,"08 Aug 2026, 05:30 AM IST"
4439841690,https://in.linkedin.com/jobs/view/de-a-core-cloud-data-engineering-gcp-data-engineering-at-zensar-technologies-4439841690,2026-08-09,"08 Aug 2026, 05:30 AM IST"
4438812056,https://in.linkedin.com/jobs/view/principal-data-platform-devops-engineer-at-ptc-4438812056,2026-08-09,"08 Aug 2026, 05:30 AM IST"
4441732066,https://in.linkedin.com/jobs/view/staff-database-engineer-2-at-coindcx-4441732066,2026-08-09,"08 Aug 2026, 05:30 AM IST"
4432668321,https://in.linkedin.com/jobs/view/databricks-lead-architect-at-birlasoft-4432668321,2026-08-09,"08 Aug 2026, 05:30 AM IST"
4442431966,https://in.linkedin.com/jobs/view/lead-software-engineer-lead-data-architect-at-jpmorganchase-4442431966,2026-08-09,"08 Aug 2026, 05:30 AM IST"
4451057566,https://in.linkedin.com/jobs/view/lead-database-engineer-at-wells-fargo-4451057566,2026-08-09,"08 Aug 2026, 05:30 AM IST"
4433247744,https://in.linkedin.com/jobs/view/senior-application-engineer-oracle-database-engineering-at-swiss-re-4433247744,2026-08-09,"08 Aug 2026, 05:30 AM IST"
4433325167,https://in.linkedin.com/jobs/view/data-architect-common-data-products-at-kone-4433325167,2026-08-09,"08 Aug 2026, 05:30 AM IST"
4433856727,https://in.linkedin.com/jobs/view/avp-analytics-metadata-developer-at-synchrony-4433856727,2026-08-09,"08 Aug 2026, 05:30 AM IST"
4415593304,https://in.linkedin.com/jobs/view/principal-software-engineer-data-platform-at-servicetitan-4415593304,2026-08-10,"09 Aug 2026, 05:30 AM IST"
4451337512,https://in.linkedin.com/jobs/view/data-engineer-i-remote-at-hire-feed-4451337512,2026-08-10,"09 Aug 2026, 05:30 AM IST"
4451366879,https://in.linkedin.com/jobs/view/data-engineer-at-fetchjobs-co-4451366879,2026-08-10,"10 Aug 2026, 05:30 AM IST"
4451369738,https://in.linkedin.com/jobs/view/azure-data-engineer-at-wipro-4451369738,2026-08-10,"10 Aug 2026, 05:30 AM IST"
4451356093,https://in.linkedin.com/jobs/view/data-engineer-at-fox-corporation-4451356093,2026-08-10,"09 Aug 2026, 05:30 AM IST"
4406238114,https://in.linkedin.com/jobs/view/data-engineer-at-hackajob-4406238114,2026-08-10,"09 Aug 2026, 05:30 AM IST"
4451338755,https://in.linkedin.com/jobs/view/data-engineer-at-huntingcube-4451338755,2026-08-10,"09 Aug 2026, 05:30 AM IST"
4439662649,https://in.linkedin.com/jobs/view/data-engineer-at-ust-4439662649,2026-08-10,"09 Aug 2026, 05:30 AM IST"
4424577384,https://in.linkedin.com/jobs/view/python-data-engineer-%E2%80%93-dbt-python-aws-and-sql-irc295760-at-globallogic-4424577384,2026-08-10,"09 Aug 2026, 05:30 AM IST"
4441753068,https://in.linkedin.com/jobs/view/data-engineer-with-power-bi-at-infosys-4441753068,2026-08-10,"09 Aug 2026, 05:30 AM IST"
4451347515,https://in.linkedin.com/jobs/view/senior-data-engineer-at-huntingcube-4451347515,2026-08-10,"09 Aug 2026, 05:30 AM IST"
4415371356,https://in.linkedin.com/jobs/view/bi-data-warehouse-data-engineer-at-astellas-pharma-4415371356,2026-08-10,"09 Aug 2026, 05:30 AM IST"
4330663401,https://in.linkedin.com/jobs/view/data-engineer-at-medpace-4330663401,2026-08-10,"09 Aug 2026, 05:30 AM IST"
4373907989,https://in.linkedin.com/jobs/view/data-engineer-at-r-systems-4373907989,2026-08-10,"09 Aug 2026, 05:30 AM IST"
4414679044,https://in.linkedin.com/jobs/view/senior-engineer-data-engineering-at-news-corp-4414679044,2026-08-10,"09 Aug 2026, 05:30 AM IST"
4414918405,https://in.linkedin.com/jobs/view/senior-data-engineer-at-soti-4414918405,2026-08-10,"09 Aug 2026, 05:30 AM IST"
4441749312,https://in.linkedin.com/jobs/view/python-etl-developer-truist-at-infosys-4441749312,2026-08-10,"09 Aug 2026, 05:30 AM IST"
4432445648,https://in.linkedin.com/jobs/view/data-engineer-snowflake-python-sql-data-modelling-powerbi-tableau-at-light-wonder-4432445648,2026-08-10,"09 Aug 2026, 05:30 AM IST"
4441740725,https://in.linkedin.com/jobs/view/azure-databricks-engineer-at-birlasoft-4441740725,2026-08-10,"09 Aug 2026, 05:30 AM IST"
4393012368,https://in.linkedin.com/jobs/view/python-etl-engineer-assistant-vice-president-at-citi-4393012368,2026-08-10,"09 Aug 2026, 05:30 AM IST"
4330823195,https://in.linkedin.com/jobs/view/senior-data-engineer-at-medpace-4330823195,2026-08-10,"09 Aug 2026, 05:30 AM IST"
4439669333,https://in.linkedin.com/jobs/view/senior-data-engineer-iv-at-candescent-4439669333,2026-08-10,"09 Aug 2026, 05:30 AM IST"
4420169032,https://in.linkedin.com/jobs/view/principal-data-engineer-at-oracle-4420169032,2026-08-10,"09 Aug 2026, 05:30 AM IST"
4414710190,https://in.linkedin.com/jobs/view/data-architect-at-nextpower-4414710190,2026-08-10,"09 Aug 2026, 05:30 AM IST"
4451349499,https://in.linkedin.com/jobs/view/data-engineer-at-flexiple-4451349499,2026-08-10,"09 Aug 2026, 05:30 AM IST"
4415511286,https://in.linkedin.com/jobs/view/data-architect-at-exxonmobil-india-careers-4415511286,2026-08-10,"09 Aug 2026, 05:30 AM IST"
4292864951,https://in.linkedin.com/jobs/view/in-senior-associate-cloud-data-engineer-data-and-analytics-advisory-pan-india-at-pwc-india-4292864951,2026-08-10,"09 Aug 2026, 05:30 AM IST"
4324229354,https://in.linkedin.com/jobs/view/data-engineer-gcp-bigquery-shell-scripting-jenkins-terraform-sql-python-power-bi-at-ups-4324229354,2026-08-10,"09 Aug 2026, 05:30 AM IST"
4405297587,https://in.linkedin.com/jobs/view/sr-data-engineer-i-analytics-at-eclinical-solutions-4405297587,2026-08-10,"09 Aug 2026, 05:30 AM IST"
4429508844,https://in.linkedin.com/jobs/view/data-engineering-lead-senior-associate-director-data-and-analytics-at-hsbc-4429508844,2026-08-10,"09 Aug 2026, 05:30 AM IST"
4314056783,https://in.linkedin.com/jobs/view/senior-data-engineer-azure-data-factory-and-sql-at-ups-4314056783,2026-08-10,"09 Aug 2026, 05:30 AM IST"
4429521407,https://in.linkedin.com/jobs/view/data-engineering-lead-senior-associate-director-data-and-analytics-at-hsbc-4429521407,2026-08-10,"09 Aug 2026, 05:30 AM IST"
4451347736,https://in.linkedin.com/jobs/view/engineering-manager-data-engineering-at-fox-corporation-4451347736,2026-08-10,"09 Aug 2026, 05:30 AM IST"
4402887075,https://in.linkedin.com/jobs/view/data-engineering-azure-databricks-manager-at-pwc-acceleration-center-india-4402887075,2026-08-10,"09 Aug 2026, 05:30 AM IST"
4412006662,https://in.linkedin.com/jobs/view/data-architect-i-ai-ml-architect-at-ust-4412006662,2026-08-10,"09 Aug 2026, 05:30 AM IST"
4450942700,https://in.linkedin.com/jobs/view/data-platform-administrator-at-lseg-4450942700,2026-08-10,"09 Aug 2026, 05:30 AM IST"
4433862522,https://in.linkedin.com/jobs/view/avp-analytics-metadata-developer-at-synchrony-4433862522,2026-08-10,"09 Aug 2026, 05:30 AM IST"
4451394216,https://in.linkedin.com/jobs/view/big-data-engineer-remote-at-quik-hire-staffing-4451394216,2026-08-10,"10 Aug 2026, 05:30 AM IST"
4451541639,https://in.linkedin.com/jobs/view/data-engineer-at-kwalee-4451541639,2026-08-10,"10 Aug 2026, 05:30 AM IST"
4449565165,https://in.linkedin.com/jobs/view/data-engineer-at-thermo-fisher-scientific-4449565165,2026-08-10,"10 Aug 2026, 05:30 AM IST"
4449529653,https://in.linkedin.com/jobs/view/data-engineer-%E2%80%94-registry-data-pipelines-mca-roc-at-verizol-4449529653,2026-08-10,"10 Aug 2026, 05:30 AM IST"
4449539410,https://in.linkedin.com/jobs/view/data-engineer-ii-at-zebra-technologies-4449539410,2026-08-10,"10 Aug 2026, 05:30 AM IST"
4451137357,https://in.linkedin.com/jobs/view/senior-data-engineer-at-swiss-re-4451137357,2026-08-10,"10 Aug 2026, 05:30 AM IST"
4452182344,https://in.linkedin.com/jobs/view/data-engineer-at-shyftlabs-4452182344,2026-08-11,"11 Aug 2026, 05:30 AM IST"
4434947456,https://in.linkedin.com/jobs/view/data-analytics-engineer-at-circles-4434947456,2026-08-11,"11 Aug 2026, 05:30 AM IST"
4449579478,https://in.linkedin.com/jobs/view/data-engineer-avp-at-barclays-4449579478,2026-08-11,"11 Aug 2026, 05:30 AM IST"
4449584297,https://in.linkedin.com/jobs/view/senior-etl-data-egg-at-barclays-4449584297,2026-08-11,"11 Aug 2026, 05:30 AM IST"
4451491179,https://in.linkedin.com/jobs/view/factspan-data-engineer-snowflake-db-data-build-tool-at-factspan-4451491179,2026-08-11,"11 Aug 2026, 05:30 AM IST"
4452091557,https://in.linkedin.com/jobs/view/data-engineer-midas-digital-acceleration-at-amazon-4452091557,2026-08-11,"11 Aug 2026, 05:30 AM IST"
4452092475,https://in.linkedin.com/jobs/view/data-engineer-aft-bi-content-at-amazon-4452092475,2026-08-11,"11 Aug 2026, 05:30 AM IST"
4451496133,https://in.linkedin.com/jobs/view/in-senior-associate-%E2%80%93-aws-data-engineer-%E2%80%93-data-and-analytics-%E2%80%93-advisory-%E2%80%93-bangalore-at-pwc-india-4451496133,2026-08-11,"11 Aug 2026, 05:30 AM IST"
4424744854,https://in.linkedin.com/jobs/view/data-engineer-l2-at-forbes-advisor-4424744854,2026-08-11,"10 Aug 2026, 05:30 AM IST"
4450997425,https://in.linkedin.com/jobs/view/data-engineer-at-hackajob-4450997425,2026-08-11,"10 Aug 2026, 05:30 AM IST"
4441784605,https://in.linkedin.com/jobs/view/python-spark-scala-at-infosys-4441784605,2026-08-11,"10 Aug 2026, 05:30 AM IST"
4452006707,https://in.linkedin.com/jobs/view/data-engineer-iii-at-jpmorganchase-4452006707,2026-08-11,"10 Aug 2026, 05:30 AM IST"
4451187207,https://in.linkedin.com/jobs/view/data-engineer-at-e-stone-information-technology-private-limited-4451187207,2026-08-11,"10 Aug 2026, 05:30 AM IST"
4351350157,https://in.linkedin.com/jobs/view/data-engineer-at-invoicecloud-inc-4351350157,2026-08-11,"10 Aug 2026, 05:30 AM IST"
4440122883,https://in.linkedin.com/jobs/view/data-engineer-at-wpp-4440122883,2026-08-11,"10 Aug 2026, 05:30 AM IST"
4451184513,https://in.linkedin.com/jobs/view/data-engineer-ii-at-idfc-first-bank-4451184513,2026-08-11,"10 Aug 2026, 05:30 AM IST"
4451505693,https://in.linkedin.com/jobs/view/senior-data-engineer-at-bureau-4451505693,2026-08-11,"10 Aug 2026, 05:30 AM IST"
4451579921,https://in.linkedin.com/jobs/view/technical-data-engineer-databricks-at-shyftlabs-4451579921,2026-08-11,"10 Aug 2026, 05:30 AM IST"
4451512497,https://in.linkedin.com/jobs/view/data-engineer-at-atsmantra-4451512497,2026-08-11,"10 Aug 2026, 05:30 AM IST"
4451450157,https://in.linkedin.com/jobs/view/data-engineer-at-opengov-inc-4451450157,2026-08-11,"10 Aug 2026, 05:30 AM IST"
4449562491,https://in.linkedin.com/jobs/view/senior-data-engineer-at-clanx-4449562491,2026-08-11,"10 Aug 2026, 05:30 AM IST"
4451453305,https://in.linkedin.com/jobs/view/data-engineer-at-retail-insights-4451453305,2026-08-11,"10 Aug 2026, 05:30 AM IST"
4444293375,https://in.linkedin.com/jobs/view/data-engineer-gcp-google-cloud-platform-at-hcltech-4444293375,2026-08-11,"10 Aug 2026, 05:30 AM IST"
4449567070,https://in.linkedin.com/jobs/view/lead-data-engineer-at-thermo-fisher-scientific-4449567070,2026-08-11,"10 Aug 2026, 05:30 AM IST"
4451175688,https://in.linkedin.com/jobs/view/data-etl-engineer-at-ascendion-4451175688,2026-08-11,"10 Aug 2026, 05:30 AM IST"
4451413386,https://in.linkedin.com/jobs/view/pyspark-data-engineer-%E2%80%93-python-etl-data-wa-at-calitii-4451413386,2026-08-11,"10 Aug 2026, 05:30 AM IST"
4440111818,https://in.linkedin.com/jobs/view/data-engineer-at-virtusa-4440111818,2026-08-11,"10 Aug 2026, 05:30 AM IST"
4449816792,https://in.linkedin.com/jobs/view/gcp-data-engineer-1-at-aqilea-4449816792,2026-08-11,"10 Aug 2026, 05:30 AM IST"
4421193728,https://in.linkedin.com/jobs/view/senior-data-engineer-ag-trading-at-cargill-4421193728,2026-08-11,"10 Aug 2026, 05:30 AM IST"
4451174778,https://in.linkedin.com/jobs/view/data-engineer-with-scala%2Bpyspark-at-capco-4451174778,2026-08-11,"10 Aug 2026, 05:30 AM IST"
4452012506,https://in.linkedin.com/jobs/view/senior-data-engineer-director-at-natwest-group-4452012506,2026-08-11,"10 Aug 2026, 05:30 AM IST"
4451579188,https://in.linkedin.com/jobs/view/sr-data-engineer-at-te-connectivity-4451579188,2026-08-11,"10 Aug 2026, 05:30 AM IST"
4452017525,https://in.linkedin.com/jobs/view/senior-data-engineer-director-at-natwest-group-4452017525,2026-08-11,"10 Aug 2026, 05:30 AM IST"
4451599375,https://in.linkedin.com/jobs/view/data-engineer-machine-learning-at-happiest-minds-technologies-4451599375,2026-08-11,"10 Aug 2026, 05:30 AM IST"
4451180439,https://in.linkedin.com/jobs/view/data-engineer-alm-at-capco-4451180439,2026-08-11,"10 Aug 2026, 05:30 AM IST"
4441790474,https://in.linkedin.com/jobs/view/kafka-%2B-java-%2B-data-engineer-at-cognizant-4441790474,2026-08-11,"10 Aug 2026, 05:30 AM IST"
4451144164,https://in.linkedin.com/jobs/view/databricks-platform-expert-at-michelin-4451144164,2026-08-11,"10 Aug 2026, 05:30 AM IST"
4451413385,https://in.linkedin.com/jobs/view/snowflake-python-data-engineer-%E2%80%93-aws-sql-at-calitii-4451413385,2026-08-11,"10 Aug 2026, 05:30 AM IST"
4422075826,https://in.linkedin.com/jobs/view/data-engineering-lead-at-hackajob-4422075826,2026-08-11,"10 Aug 2026, 05:30 AM IST"
4440134006,https://in.linkedin.com/jobs/view/lead-data-engineer-at-relatient-4440134006,2026-08-11,"10 Aug 2026, 05:30 AM IST"
4451519513,https://in.linkedin.com/jobs/view/senior-engineer-data-architect-at-stanley-black-decker-inc-4451519513,2026-08-11,"10 Aug 2026, 05:30 AM IST"
4451116666,https://in.linkedin.com/jobs/view/snowflake-python-data-engineer-%E2%80%93-aws-sql-cloud-data-integration-at-synechron-4451116666,2026-08-11,"10 Aug 2026, 05:30 AM IST"
4425085914,https://in.linkedin.com/jobs/view/data-engg-with-databricks-technical-lead-data-engg-at-birlasoft-4425085914,2026-08-11,"10 Aug 2026, 05:30 AM IST"
4451550519,https://in.linkedin.com/jobs/view/consultant-sr-consultant-consumer-analytics-data-engineering-at-eli-lilly-and-company-4451550519,2026-08-11,"10 Aug 2026, 05:30 AM IST"
4442584291,https://in.linkedin.com/jobs/view/senior-data-engineer-%E2%80%93-python-sql-at-stoxx-4442584291,2026-08-11,"10 Aug 2026, 05:30 AM IST"
4451531093,https://in.linkedin.com/jobs/view/sr-analytics-engineer-at-ge-vernova-4451531093,2026-08-11,"10 Aug 2026, 05:30 AM IST"
4442024648,https://in.linkedin.com/jobs/view/senior-big-data-engineer-at-qualys-4442024648,2026-08-11,"10 Aug 2026, 05:30 AM IST"
4451513986,https://in.linkedin.com/jobs/view/principal-data-engineer-databricks-ai-platform-at-goto-4451513986,2026-08-11,"10 Aug 2026, 05:30 AM IST"
4452013880,https://in.linkedin.com/jobs/view/senior-data-engineering-consultant-at-optum-india-4452013880,2026-08-11,"10 Aug 2026, 05:30 AM IST"
4449534900,https://in.linkedin.com/jobs/view/lead-i-data-engineering-azure-at-ust-4449534900,2026-08-11,"10 Aug 2026, 05:30 AM IST"
4384168766,https://in.linkedin.com/jobs/view/sr-data-engineer-i-at-eclinical-solutions-4384168766,2026-08-11,"10 Aug 2026, 05:30 AM IST"
4451179648,https://in.linkedin.com/jobs/view/data-engineer-at-flexiple-4451179648,2026-08-11,"10 Aug 2026, 05:30 AM IST"
4452028972,https://in.linkedin.com/jobs/view/specialist-software-engg-data-engineer-python-big-data-java-at-societe-generale-global-solution-centre-4452028972,2026-08-11,"10 Aug 2026, 05:30 AM IST"
4451500341,https://in.linkedin.com/jobs/view/digital-data-engineer-plant-specialist-level-2-at-faurecia-4451500341,2026-08-11,"10 Aug 2026, 05:30 AM IST"
4451536217,https://in.linkedin.com/jobs/view/in-senior-associate-data-engineering-data-analytics-advisory-bangalore-at-pwc-india-4451536217,2026-08-11,"10 Aug 2026, 05:30 AM IST"
4451532750,https://in.linkedin.com/jobs/view/data-engineer-at-jobleads-4451532750,2026-08-11,"10 Aug 2026, 05:30 AM IST"
4442049871,https://in.linkedin.com/jobs/view/ftse-software-engineering-data-engineering-opportunities-at-lseg-4442049871,2026-08-11,"10 Aug 2026, 05:30 AM IST"
4421923415,https://in.linkedin.com/jobs/view/data-architect-i-at-ust-4421923415,2026-08-11,"10 Aug 2026, 05:30 AM IST"
4449574791,https://in.linkedin.com/jobs/view/data-engineer-palantir-foundry-senior-associate-at-pwc-acceleration-center-india-4449574791,2026-08-11,"10 Aug 2026, 05:30 AM IST"
4451641028,https://in.linkedin.com/jobs/view/senior-spark-pyspark-data-engineer-at-web-spiders-4451641028,2026-08-11,"11 Aug 2026, 05:30 AM IST"
4442082915,https://in.linkedin.com/jobs/view/cloud-data-engineer-at-google-4442082915,2026-08-11,"11 Aug 2026, 05:30 AM IST"
4442088705,https://in.linkedin.com/jobs/view/cloud-data-engineer-at-google-4442088705,2026-08-11,"11 Aug 2026, 05:30 AM IST"
4442273024,https://in.linkedin.com/jobs/view/data-engineer-at-infosys-4442273024,2026-08-11,"11 Aug 2026, 05:30 AM IST"
4451673419,https://in.linkedin.com/jobs/view/data-engineer-ii-at-swiss-re-4451673419,2026-08-11,"11 Aug 2026, 05:30 AM IST"
4440433549,https://in.linkedin.com/jobs/view/databricks-data-engineer-at-virtusa-4440433549,2026-08-11,"11 Aug 2026, 05:30 AM IST"
4123642935,https://in.linkedin.com/jobs/view/software-engineer-data-engineer-ii-at-doordash-4123642935,2026-08-11,"11 Aug 2026, 05:30 AM IST"
4451641402,https://in.linkedin.com/jobs/view/platform-engineering-professional-data-engineer-at-bt-group-4451641402,2026-08-11,"11 Aug 2026, 05:30 AM IST"
4442617589,https://in.linkedin.com/jobs/view/data-engineer-palantir-backend-at-birlasoft-4442617589,2026-08-11,"11 Aug 2026, 05:30 AM IST"
4451671179,https://in.linkedin.com/jobs/view/data-engineer-at-l-or%C3%A9al-4451671179,2026-08-11,"11 Aug 2026, 05:30 AM IST"
4451675068,https://in.linkedin.com/jobs/view/analytics-engineer-at-hirojet-4451675068,2026-08-11,"11 Aug 2026, 05:30 AM IST"
4416036361,https://in.linkedin.com/jobs/view/data-engineer-at-exxonmobil-india-careers-4416036361,2026-08-11,"11 Aug 2026, 05:30 AM IST"
4451665195,https://in.linkedin.com/jobs/view/data-engineer-at-ashirvad-by-aliaxis-4451665195,2026-08-11,"11 Aug 2026, 05:30 AM IST"
4451673088,https://in.linkedin.com/jobs/view/data-engineer-%E2%80%93-apache-spark-kafka-flink-trino-iceberg-big-data-streaming-data-platform-4%E2%80%938-years-at-cisco-4451673088,2026-08-11,"11 Aug 2026, 05:30 AM IST"
4442713814,https://in.linkedin.com/jobs/view/senior-engineer-data-engineering-at-sandisk-4442713814,2026-08-11,"11 Aug 2026, 05:30 AM IST"
4452421244,https://in.linkedin.com/jobs/view/senior-data-engineer-at-experian-4452421244,2026-08-11,"11 Aug 2026, 05:30 AM IST"
4443035980,https://in.linkedin.com/jobs/view/data-engineer-ii-amazon-payment-products-at-amazon-4443035980,2026-08-11,"11 Aug 2026, 05:30 AM IST"
4452400873,https://in.linkedin.com/jobs/view/cloudera-data-engineer-at-mclaren-strategic-solutions-mss-4452400873,2026-08-11,"11 Aug 2026, 05:30 AM IST"
4443029487,https://in.linkedin.com/jobs/view/data-engineer-ii-at-amazon-4443029487,2026-08-11,"11 Aug 2026, 05:30 AM IST"
4442089854,https://in.linkedin.com/jobs/view/gcp-data-engineer-at-zensar-technologies-4442089854,2026-08-11,"11 Aug 2026, 05:30 AM IST"
4425497691,https://in.linkedin.com/jobs/view/data-engineer-sr-databricks-at-ntt-data-north-america-4425497691,2026-08-11,"11 Aug 2026, 05:30 AM IST"
4451654033,https://in.linkedin.com/jobs/view/senior-data-engineer-at-space-capital-4451654033,2026-08-11,"11 Aug 2026, 05:30 AM IST"
4452186744,https://in.linkedin.com/jobs/view/data-engineer-databricks-%2B-aws-at-infocepts-4452186744,2026-08-11,"11 Aug 2026, 05:30 AM IST"
4443039982,https://in.linkedin.com/jobs/view/data-engineer-ii-supply-chain-analytics-at-amazon-web-services-aws-4443039982,2026-08-11,"11 Aug 2026, 05:30 AM IST"
4451673420,https://in.linkedin.com/jobs/view/analytics-engineer-ii-at-swiss-re-4451673420,2026-08-11,"11 Aug 2026, 05:30 AM IST"
4443051210,https://in.linkedin.com/jobs/view/data-engineer-ii-jwo-data-services-at-amazon-web-services-aws-4443051210,2026-08-11,"11 Aug 2026, 05:30 AM IST"
4217709865,https://in.linkedin.com/jobs/view/staff-software-engineer-data-engineering-at-doordash-4217709865,2026-08-11,"11 Aug 2026, 05:30 AM IST"
4452450414,https://in.linkedin.com/jobs/view/advanced-data-engineer-at-honeywell-technologies-4452450414,2026-08-11,"11 Aug 2026, 05:30 AM IST"
4451657277,https://in.linkedin.com/jobs/view/senior-data-engineer-%E2%80%93-big-data-streaming-platforms-java-scala-or-python-spark-kafka-flink-iceberg-lakehouse-trino-8-to-12-years-at-cisco-4451657277,2026-08-11,"11 Aug 2026, 05:30 AM IST"
4440164115,https://in.linkedin.com/jobs/view/lead-ii-data-engineering-at-ust-4440164115,2026-08-11,"11 Aug 2026, 05:30 AM IST"
4452428987,https://in.linkedin.com/jobs/view/advanced-data-engineer-at-honeywell-technologies-4452428987,2026-08-11,"11 Aug 2026, 05:30 AM IST"
4451664412,https://in.linkedin.com/jobs/view/manager-data-engineering-at-zoetis-4451664412,2026-08-11,"11 Aug 2026, 05:30 AM IST"
4425663503,https://in.linkedin.com/jobs/view/data-engineer-ii-sas-at-eclinical-solutions-4425663503,2026-08-11,"11 Aug 2026, 05:30 AM IST"
4374254114,https://in.linkedin.com/jobs/view/ecommerce-analytics-engineer-at-mouser-electronics-4374254114,2026-08-11,"11 Aug 2026, 05:30 AM IST"
4451612597,https://in.linkedin.com/jobs/view/senior-specialist-data-lake-operations-at-biospace-4451612597,2026-08-11,"11 Aug 2026, 05:30 AM IST"
4416001301,https://in.linkedin.com/jobs/view/wells-analytics-engineer-at-exxonmobil-india-careers-4416001301,2026-08-11,"11 Aug 2026, 05:30 AM IST"
4441780794,https://in.linkedin.com/jobs/view/python-pyspark-etl-developer-at-infosys-4441780794,2026-08-11,"10 Aug 2026, 05:30 AM IST"
4441790475,https://in.linkedin.com/jobs/view/azure-databricks-pyspark-python-sql-at-cognizant-4441790475,2026-08-11,"10 Aug 2026, 05:30 AM IST"
4451961836,https://in.linkedin.com/jobs/view/factspan-data-engineer-google-cloud-platform-at-factspan-4451961836,2026-08-12,"12 Aug 2026, 05:30 AM IST"
4451635340,https://in.linkedin.com/jobs/view/associate-azure-data-engineer-remote-work-at-techolution-4451635340,2026-08-12,"11 Aug 2026, 05:30 AM IST"
4451962730,https://in.linkedin.com/jobs/view/data-engineer-at-e-stone-information-technology-private-limited-4451962730,2026-08-12,"12 Aug 2026, 05:30 AM IST"
4453034961,https://in.linkedin.com/jobs/view/cloud-data-engineer-at-barclays-4453034961,2026-08-12,"12 Aug 2026, 05:30 AM IST"
4453020772,https://in.linkedin.com/jobs/view/data-engineer-at-fetchjobs-co-4453020772,2026-08-12,"12 Aug 2026, 05:30 AM IST"
4443026537,https://in.linkedin.com/jobs/view/data-engineer-wwgs-grit-at-amazon-4443026537,2026-08-12,"11 Aug 2026, 05:30 AM IST"
4443040573,https://in.linkedin.com/jobs/view/data-engineer-i-data-engineer-rbs-at-amazon-4443040573,2026-08-12,"11 Aug 2026, 05:30 AM IST"
4451696010,https://in.linkedin.com/jobs/view/python-data-engineer-%2B-databricks-at-capco-4451696010,2026-08-12,"11 Aug 2026, 05:30 AM IST"
4451914319,https://in.linkedin.com/jobs/view/data-engineer-at-quest-global-4451914319,2026-08-12,"11 Aug 2026, 05:30 AM IST"
4452679187,https://in.linkedin.com/jobs/view/data-engineer-iii-at-jpmorganchase-4452679187,2026-08-12,"11 Aug 2026, 05:30 AM IST"
4443044758,https://in.linkedin.com/jobs/view/data-engineer-ii-at-amazon-4443044758,2026-08-12,"11 Aug 2026, 05:30 AM IST"
4451915140,https://in.linkedin.com/jobs/view/data-engineer-ii-at-job-scouts-com-4451915140,2026-08-12,"11 Aug 2026, 05:30 AM IST"
4451697621,https://in.linkedin.com/jobs/view/data-engineer-irc301397-at-globallogic-4451697621,2026-08-12,"11 Aug 2026, 05:30 AM IST"
4451901557,https://in.linkedin.com/jobs/view/data-engineer-irc301397-at-globallogic-4451901557,2026-08-12,"11 Aug 2026, 05:30 AM IST"
4452461654,https://in.linkedin.com/jobs/view/senior-data-engineer-at-experian-4452461654,2026-08-12,"11 Aug 2026, 05:30 AM IST"
4452475705,https://in.linkedin.com/jobs/view/data-engineer-at-mondel%C4%93z-international-4452475705,2026-08-12,"11 Aug 2026, 05:30 AM IST"
4449863631,https://in.linkedin.com/jobs/view/senior-data-engineer-at-mastercard-4449863631,2026-08-12,"11 Aug 2026, 05:30 AM IST"
4451691692,https://in.linkedin.com/jobs/view/data-engineer-irc301397-at-globallogic-4451691692,2026-08-12,"11 Aug 2026, 05:30 AM IST"
4451969260,https://in.linkedin.com/jobs/view/senior-data-engineer-at-techcarrot-4451969260,2026-08-12,"11 Aug 2026, 05:30 AM IST"
4443092888,https://in.linkedin.com/jobs/view/senior-data-engineer-at-takeda-4443092888,2026-08-12,"11 Aug 2026, 05:30 AM IST"
4443017947,https://in.linkedin.com/jobs/view/data-engineer-in-data-engineering-analytics-at-amazon-business-4443017947,2026-08-12,"11 Aug 2026, 05:30 AM IST"
4431582870,https://in.linkedin.com/jobs/view/data-engineer-data-platforms-snowflake-at-ibm-4431582870,2026-08-12,"11 Aug 2026, 05:30 AM IST"
4442297656,https://in.linkedin.com/jobs/view/data-engineer-at-wsp-in-india-4442297656,2026-08-12,"11 Aug 2026, 05:30 AM IST"
4416252187,https://in.linkedin.com/jobs/view/senior-software-engineer-data-platform-at-skillz-4416252187,2026-08-12,"11 Aug 2026, 05:30 AM IST"
4449827946,https://in.linkedin.com/jobs/view/data-engineer-accelerators-frameworks-at-anblicks-4449827946,2026-08-12,"11 Aug 2026, 05:30 AM IST"
4440434449,https://in.linkedin.com/jobs/view/data-engineer-at-wsp-in-india-4440434449,2026-08-12,"11 Aug 2026, 05:30 AM IST"
4440177743,https://in.linkedin.com/jobs/view/data-engineer-ai-ml-at-mastercard-4440177743,2026-08-12,"11 Aug 2026, 05:30 AM IST"
4452613048,https://in.linkedin.com/jobs/view/data-engineer-at-huntingcube-4452613048,2026-08-12,"11 Aug 2026, 05:30 AM IST"
4324269341,https://in.linkedin.com/jobs/view/data-engineer-gcp-bigquery-shell-scripting-jenkins-terraform-sql-python-power-bi-at-ups-4324269341,2026-08-12,"11 Aug 2026, 05:30 AM IST"
4452478363,https://in.linkedin.com/jobs/view/data-engineer-vp-at-natwest-group-4452478363,2026-08-12,"11 Aug 2026, 05:30 AM IST"
4431595704,https://in.linkedin.com/jobs/view/data-engineer-data-platforms-snowflake-at-ibm-4431595704,2026-08-12,"11 Aug 2026, 05:30 AM IST"
4446566802,https://in.linkedin.com/jobs/view/senior-data-engineer-at-miba-group-4446566802,2026-08-12,"11 Aug 2026, 05:30 AM IST"
4452499002,https://in.linkedin.com/jobs/view/solutions-engineer-data-engineering-hyderabad-at-astronomer-4452499002,2026-08-12,"11 Aug 2026, 05:30 AM IST"
4452191269,https://in.linkedin.com/jobs/view/data-engineer-at-barclays-4452191269,2026-08-12,"11 Aug 2026, 05:30 AM IST"
4443384824,https://in.linkedin.com/jobs/view/staff-software-engineer-data-engineering-solutions-at-stripe-4443384824,2026-08-12,"11 Aug 2026, 05:30 AM IST"
4452615850,https://in.linkedin.com/jobs/view/required-ai-data-analytics-engineer-ai-data-analytics-engineer-at-ntt-data-north-america-4452615850,2026-08-12,"11 Aug 2026, 05:30 AM IST"
4443373368,https://in.linkedin.com/jobs/view/genetics-data-engineer-1-at-merck-healthcare-4443373368,2026-08-12,"11 Aug 2026, 05:30 AM IST"
4452686747,https://in.linkedin.com/jobs/view/senior-software-engineer-data-engineering-at-tekion-corp-4452686747,2026-08-12,"11 Aug 2026, 05:30 AM IST"
4451666609,https://in.linkedin.com/jobs/view/big-data-hadoop-at-zensar-technologies-4451666609,2026-08-12,"11 Aug 2026, 05:30 AM IST"
4452472925,https://in.linkedin.com/jobs/view/senior-data-engineer-at-phdata-4452472925,2026-08-12,"11 Aug 2026, 05:30 AM IST"
4449859245,https://in.linkedin.com/jobs/view/lead-ii-data-engineering-at-ust-4449859245,2026-08-12,"11 Aug 2026, 05:30 AM IST"
4452480091,https://in.linkedin.com/jobs/view/data-engineer-at-flexiple-4452480091,2026-08-12,"11 Aug 2026, 05:30 AM IST"
4450102408,https://in.linkedin.com/jobs/view/data-engineering-specialist-at-bt-group-4450102408,2026-08-12,"12 Aug 2026, 05:30 AM IST"
4452392217,https://in.linkedin.com/jobs/view/data-engineer-at-techcarrot-4452392217,2026-08-12,"12 Aug 2026, 05:30 AM IST"
4452373726,https://in.linkedin.com/jobs/view/data-engineer-at-albemarle-corporation-4452373726,2026-08-12,"12 Aug 2026, 05:30 AM IST"
4450146433,https://in.linkedin.com/jobs/view/data-engineer-at-accuris-4450146433,2026-08-12,"12 Aug 2026, 05:30 AM IST"
4450102236,https://in.linkedin.com/jobs/view/data-engineer-ii-at-zebra-technologies-4450102236,2026-08-12,"12 Aug 2026, 05:30 AM IST"
4453112933,https://in.linkedin.com/jobs/view/data-engineer-at-ntt-data-north-america-4453112933,2026-08-12,"12 Aug 2026, 05:30 AM IST"
4453089658,https://in.linkedin.com/jobs/view/senior-global-data-engineer-at-sandoz-india-4453089658,2026-08-12,"12 Aug 2026, 05:30 AM IST"
4452372767,https://in.linkedin.com/jobs/view/software-engineer-iii-big-data-at-uber-freight-4452372767,2026-08-12,"12 Aug 2026, 05:30 AM IST"
4440495806,https://in.linkedin.com/jobs/view/data-engineer-aws-databricks-at-virtusa-4440495806,2026-08-12,"12 Aug 2026, 05:30 AM IST"
4452394512,https://in.linkedin.com/jobs/view/data-engineer-ii-at-levi-strauss-co-4452394512,2026-08-12,"12 Aug 2026, 05:30 AM IST"
4450135200,https://in.linkedin.com/jobs/view/senior-data-engineer-at-humyn-labs-4450135200,2026-08-12,"12 Aug 2026, 05:30 AM IST"
4453096038,https://in.linkedin.com/jobs/view/azure-data-engineer-at-paltech-4453096038,2026-08-12,"12 Aug 2026, 05:30 AM IST"
4453103456,https://in.linkedin.com/jobs/view/sr-data-engineer-data-eng-governance-at-dolby-laboratories-4453103456,2026-08-12,"12 Aug 2026, 05:30 AM IST"
4435103950,https://in.linkedin.com/jobs/view/data-engineer-advisor-at-ntt-data-north-america-4435103950,2026-08-12,"12 Aug 2026, 05:30 AM IST"
4217709866,https://in.linkedin.com/jobs/view/senior-software-engineer-data-engineering-at-doordash-4217709866,2026-08-12,"12 Aug 2026, 05:30 AM IST"
4450107183,https://in.linkedin.com/jobs/view/software-engineer-python-pyspark-at-infor-4450107183,2026-08-12,"12 Aug 2026, 05:30 AM IST"
4453069417,https://in.linkedin.com/jobs/view/senior-data-engineer-at-atsmantra-4453069417,2026-08-12,"12 Aug 2026, 05:30 AM IST"
4453086702,https://in.linkedin.com/jobs/view/software-engineer-big-data-at-societe-generale-global-solution-centre-4453086702,2026-08-12,"12 Aug 2026, 05:30 AM IST"
4453075302,https://in.linkedin.com/jobs/view/senior-associate-engineer-data-engineering-at-bain-company-4453075302,2026-08-12,"12 Aug 2026, 05:30 AM IST"
4450118212,https://in.linkedin.com/jobs/view/data-engineer-senior-at-zebra-technologies-4450118212,2026-08-12,"12 Aug 2026, 05:30 AM IST"
4421919648,https://in.linkedin.com/jobs/view/lead-data-engineer-at-hackerrank-4421919648,2026-08-12,"12 Aug 2026, 05:30 AM IST"
4450131783,https://in.linkedin.com/jobs/view/senior-analytics-engineer-at-siemens-4450131783,2026-08-12,"12 Aug 2026, 05:30 AM IST"
4425655608,https://in.linkedin.com/jobs/view/data-engineer-ii-at-eclinical-solutions-4425655608,2026-08-12,"12 Aug 2026, 05:30 AM IST"
4453089688,https://in.linkedin.com/jobs/view/senior-software-engineer-data-engineer-at-tekion-corp-4453089688,2026-08-12,"12 Aug 2026, 05:30 AM IST"
4434116670,https://in.linkedin.com/jobs/view/senior-azure-data-engineer-at-fractal-4434116670,2026-08-12,"12 Aug 2026, 05:30 AM IST"
4442977170,https://in.linkedin.com/jobs/view/pune-virtual-career-fair-aug-sept-data-engineer-at-exxonmobil-india-careers-4442977170,2026-08-12,"12 Aug 2026, 05:30 AM IST"
4453094959,https://in.linkedin.com/jobs/view/data-platform-integration-engineer-at-exxonmobil-india-careers-4453094959,2026-08-12,"12 Aug 2026, 05:30 AM IST"
4403727012,https://in.linkedin.com/jobs/view/principal-data-engineer-at-walmart-global-tech-india-4403727012,2026-08-12,"12 Aug 2026, 05:30 AM IST"
4452388279,https://in.linkedin.com/jobs/view/senior-data-engineer-development-lead-at-lseg-4452388279,2026-08-12,"12 Aug 2026, 05:30 AM IST"
4453121006,https://in.linkedin.com/jobs/view/senior-data-engineer-at-kissht-4453121006,2026-08-12,"12 Aug 2026, 05:30 AM IST"
4450119680,https://in.linkedin.com/jobs/view/lead-ii-data-engineering-data-governance-at-ust-4450119680,2026-08-12,"12 Aug 2026, 05:30 AM IST"
4258376845,https://in.linkedin.com/jobs/view/analytics-engineer-india-at-doordash-4258376845,2026-08-12,"12 Aug 2026, 05:30 AM IST"
4440486318,https://in.linkedin.com/jobs/view/lead-software-engineer-big-data-at-circana-4440486318,2026-08-12,"12 Aug 2026, 05:30 AM IST"
4444157309,https://in.linkedin.com/jobs/view/senior-manager-data-engineer-at-wpp-media-4444157309,2026-08-12,"12 Aug 2026, 05:30 AM IST"
4421929644,https://in.linkedin.com/jobs/view/data-engineer-at-platform-science-4421929644,2026-08-12,"12 Aug 2026, 05:30 AM IST"
4453114400,https://in.linkedin.com/jobs/view/gcp-data-engineer-associate-director-data-and-analytics-at-hsbc-4453114400,2026-08-12,"12 Aug 2026, 05:30 AM IST"
4453030523,https://in.linkedin.com/jobs/view/data-architect-at-ncircle-tech-careers-4453030523,2026-08-12,"12 Aug 2026, 05:30 AM IST"
4453091530,https://in.linkedin.com/jobs/view/python-data-engineer-at-willware-technologies-4453091530,2026-08-12,"12 Aug 2026, 05:30 AM IST"
4452398540,https://in.linkedin.com/jobs/view/databricks-lead-programmer-analyst-at-bilvantis-technologies-4452398540,2026-08-12,"12 Aug 2026, 05:30 AM IST"
4449871281,https://in.linkedin.com/jobs/view/data-engineer-ii-at-hackerrank-4449871281,2026-08-12,"11 Aug 2026, 05:30 AM IST"
4443044282,https://in.linkedin.com/jobs/view/data-engineer-ii-gts-gts-at-amazon-4443044282,2026-08-12,"11 Aug 2026, 05:30 AM IST"
4434498702,https://in.linkedin.com/jobs/view/data-engineer-snowflake-data-modeling-pipelines-orchestration-exp-4-8-yrs-at-cisco-4434498702,2026-08-12,"11 Aug 2026, 05:30 AM IST"
4452664149,https://in.linkedin.com/jobs/view/aws-data-engineer-pyspark-developer-at-cgi-4452664149,2026-08-12,"11 Aug 2026, 05:30 AM IST"
4431927101,https://in.linkedin.com/jobs/view/senior-data-engineer-at-lseg-4431927101,2026-08-12,"11 Aug 2026, 05:30 AM IST"
4442215668,https://in.linkedin.com/jobs/view/senior-data-engineer-telecom-oss-etl-and-analytics-at-infosys-4442215668,2026-08-12,"11 Aug 2026, 05:30 AM IST"
4442627699,https://in.linkedin.com/jobs/view/ai-data-platform-engineer-at-novonesis-4442627699,2026-08-12,"11 Aug 2026, 05:30 AM IST"
4292873127,https://in.linkedin.com/jobs/view/in-associate-data-engineer-data-and-analytics-advisory-pan-india-at-pwc-india-4292873127,2026-08-12,"11 Aug 2026, 05:30 AM IST"
4449859315,https://in.linkedin.com/jobs/view/data-engineer-%C3%A2%C2%80%C2%93-ota-telemetry-infrastructure-at-topgrep-tech-private-limited-4449859315,2026-08-12,"11 Aug 2026, 05:30 AM IST"
4450167148,https://in.linkedin.com/jobs/view/data-engineer-%C2%A0-at-barclays-4450167148,2026-08-13,"13 Aug 2026, 05:30 AM IST"
4453380344,https://in.linkedin.com/jobs/view/software-engineer-iii-bigdata-spark-aws-data-engineering-at-jpmorganchase-4453380344,2026-08-13,"13 Aug 2026, 05:30 AM IST"
4452747790,https://in.linkedin.com/jobs/view/data-engineer-irc295049-at-globallogic-4452747790,2026-08-13,"12 Aug 2026, 05:30 AM IST"
4452749808,https://in.linkedin.com/jobs/view/data-engineer-irc295049-at-globallogic-4452749808,2026-08-13,"12 Aug 2026, 05:30 AM IST"
4444986706,https://in.linkedin.com/jobs/view/data-engineer-at-bayer-4444986706,2026-08-13,"12 Aug 2026, 05:30 AM IST"
4442934079,https://in.linkedin.com/jobs/view/databricks-at-infosys-4442934079,2026-08-13,"12 Aug 2026, 05:30 AM IST"
4452740073,https://in.linkedin.com/jobs/view/specialist-data-engineer-india-at-nationwide-4452740073,2026-08-13,"12 Aug 2026, 05:30 AM IST"
4452739407,https://in.linkedin.com/jobs/view/data-engineer-databricks-at-bridgenext-4452739407,2026-08-13,"12 Aug 2026, 05:30 AM IST"
4453144045,https://in.linkedin.com/jobs/view/data-engineer-at-lpl-financial-global-capability-center-4453144045,2026-08-13,"12 Aug 2026, 05:30 AM IST"
4444988569,https://in.linkedin.com/jobs/view/senior-data-engineer-at-bayer-4444988569,2026-08-13,"12 Aug 2026, 05:30 AM IST"
4450155530,https://in.linkedin.com/jobs/view/analyst-big-data-analytics-engineering-at-mastercard-4450155530,2026-08-13,"12 Aug 2026, 05:30 AM IST"
4453387153,https://in.linkedin.com/jobs/view/data-engineer-pyspark-databricks-snowflake-azure-cloud-at-optum-india-4453387153,2026-08-13,"12 Aug 2026, 05:30 AM IST"
4452720491,https://in.linkedin.com/jobs/view/senior-data-engineer-%E2%80%93-python-sql-ai-augmented-engineering-at-l-or%C3%A9al-4452720491,2026-08-13,"12 Aug 2026, 05:30 AM IST"
4453341083,https://in.linkedin.com/jobs/view/senior-data-engineer-at-huntingcube-4453341083,2026-08-13,"12 Aug 2026, 05:30 AM IST"
4425237717,https://in.linkedin.com/jobs/view/pyspark-data-engineer-big-data-analytics-at-synechron-4425237717,2026-08-13,"12 Aug 2026, 05:30 AM IST"
4452714300,https://in.linkedin.com/jobs/view/data-engineer-at-principal-financial-group-4452714300,2026-08-13,"12 Aug 2026, 05:30 AM IST"
4434973613,https://in.linkedin.com/jobs/view/staff-data-engineer-product-engagement-data-analytics-team-hyderabad-at-warner-bros-discovery-4434973613,2026-08-13,"12 Aug 2026, 05:30 AM IST"
4452724184,https://in.linkedin.com/jobs/view/azure-data-engineer-at-tap-growth-ai-4452724184,2026-08-13,"12 Aug 2026, 05:30 AM IST"
4453350544,https://in.linkedin.com/jobs/view/data-engineer-ii-cmt-at-amazon-4453350544,2026-08-13,"12 Aug 2026, 05:30 AM IST"
4431901076,https://in.linkedin.com/jobs/view/data-engineer-data-platforms-snowflake-at-ibm-4431901076,2026-08-13,"12 Aug 2026, 05:30 AM IST"
4434620856,https://in.linkedin.com/jobs/view/pyspark-big-data-developer-at-citi-4434620856,2026-08-13,"12 Aug 2026, 05:30 AM IST"
4450117641,https://in.linkedin.com/jobs/view/big-data-engineer-at-ust-4450117641,2026-08-13,"12 Aug 2026, 05:30 AM IST"
4453103361,https://in.linkedin.com/jobs/view/senior-engineer-data-engineering-at-news-corp-4453103361,2026-08-13,"12 Aug 2026, 05:30 AM IST"
4452383764,https://in.linkedin.com/jobs/view/data-etl-engineer-at-ascendion-4452383764,2026-08-13,"12 Aug 2026, 05:30 AM IST"
4453149193,https://in.linkedin.com/jobs/view/staff-analytics-engineer-data-analytics-team-hyderabad-at-warner-bros-discovery-4453149193,2026-08-13,"12 Aug 2026, 05:30 AM IST"
4442662541,https://in.linkedin.com/jobs/view/senior-data-engineer-at-smith%2Bnephew-4442662541,2026-08-13,"12 Aug 2026, 05:30 AM IST"
4453358308,https://in.linkedin.com/jobs/view/sr-data-engineer-at-huntingcube-4453358308,2026-08-13,"12 Aug 2026, 05:30 AM IST"
4431587806,https://in.linkedin.com/jobs/view/data-engineer-data-platforms-snowflake-at-ibm-4431587806,2026-08-13,"12 Aug 2026, 05:30 AM IST"
4453140409,https://in.linkedin.com/jobs/view/sr-associate-data-engineer-at-amgen-4453140409,2026-08-13,"12 Aug 2026, 05:30 AM IST"
4453138141,https://in.linkedin.com/jobs/view/senior-data-developer-at-lpl-financial-global-capability-center-4453138141,2026-08-13,"12 Aug 2026, 05:30 AM IST"
4431920828,https://in.linkedin.com/jobs/view/ai-data-engineer-at-lseg-4431920828,2026-08-13,"12 Aug 2026, 05:30 AM IST"
4450139981,https://in.linkedin.com/jobs/view/data-engineer-virtusa-at-team-geek-solutions-4450139981,2026-08-13,"12 Aug 2026, 05:30 AM IST"
4450144804,https://in.linkedin.com/jobs/view/gcp-data-engineer-at-saama-4450144804,2026-08-13,"12 Aug 2026, 05:30 AM IST"
4452709231,https://in.linkedin.com/jobs/view/senior-associate-engineer-data-engineering-at-tech-economy-4452709231,2026-08-13,"12 Aug 2026, 05:30 AM IST"
4425265720,https://in.linkedin.com/jobs/view/databricks-aws-engineer-vice-president-at-citi-4425265720,2026-08-13,"12 Aug 2026, 05:30 AM IST"
4440495637,https://in.linkedin.com/jobs/view/ey-gds-consulting-ai-and-data-aws-databrick-senior-at-ey-4440495637,2026-08-13,"12 Aug 2026, 05:30 AM IST"
4434790015,https://in.linkedin.com/jobs/view/sr-databricks-developer-lead-at-cgi-4434790015,2026-08-13,"12 Aug 2026, 05:30 AM IST"
4452369691,https://in.linkedin.com/jobs/view/principal-data-engineer-at-ukg-4452369691,2026-08-13,"12 Aug 2026, 05:30 AM IST"
4443548084,https://in.linkedin.com/jobs/view/in-senior-associate-azure-data-engineering-d-a-advisory-noida-at-pwc-india-4443548084,2026-08-13,"12 Aug 2026, 05:30 AM IST"
4452748487,https://in.linkedin.com/jobs/view/sr-data-engineer-india-residents-at-ellkay-4452748487,2026-08-13,"12 Aug 2026, 05:30 AM IST"
4452750736,https://in.linkedin.com/jobs/view/senior-data-engineer-at-s-p-global-4452750736,2026-08-13,"12 Aug 2026, 05:30 AM IST"
4453138440,https://in.linkedin.com/jobs/view/data-engineer-at-flexiple-4453138440,2026-08-13,"12 Aug 2026, 05:30 AM IST"
4435892917,https://in.linkedin.com/jobs/view/data-engineer-api-etl-pyspark-airflow-kafka-at-cgi-4435892917,2026-08-13,"13 Aug 2026, 05:30 AM IST"
4453680695,https://in.linkedin.com/jobs/view/data-engineer-at-soti-4453680695,2026-08-13,"13 Aug 2026, 05:30 AM IST"
4452925413,https://in.linkedin.com/jobs/view/data-engineer-at-fortunize-india-technology-solutions-private-limited-4452925413,2026-08-13,"13 Aug 2026, 05:30 AM IST"
4453692981,https://in.linkedin.com/jobs/view/senior-data-engineer-at-cornerstone-ondemand-4453692981,2026-08-13,"13 Aug 2026, 05:30 AM IST"
4452954102,https://in.linkedin.com/jobs/view/data-engineer-at-nutrabay-4452954102,2026-08-13,"13 Aug 2026, 05:30 AM IST"
4443403002,https://in.linkedin.com/jobs/view/spark-scala-developer-at-infosys-4443403002,2026-08-13,"13 Aug 2026, 05:30 AM IST"
4450477766,https://in.linkedin.com/jobs/view/senior-data-engineer-at-wpp-media-4450477766,2026-08-13,"13 Aug 2026, 05:30 AM IST"
4406840757,https://in.linkedin.com/jobs/view/data-architecture-engineering-senior-professional-at-hitachi-vantara-4406840757,2026-08-13,"13 Aug 2026, 05:30 AM IST"
4454000185,https://in.linkedin.com/jobs/view/data-engineering-consultant-python-sql-etl-aws-azure-at-optum-india-4454000185,2026-08-13,"13 Aug 2026, 05:30 AM IST"
4450493677,https://in.linkedin.com/jobs/view/senior-data-engineer-at-wpp-media-4450493677,2026-08-13,"13 Aug 2026, 05:30 AM IST"
4453671840,https://in.linkedin.com/jobs/view/data-engineer-%E2%80%93-aws-snowflake-bangalore-at-vgreen-technology-solutions-vgreentek-4453671840,2026-08-13,"13 Aug 2026, 05:30 AM IST"
4450457734,https://in.linkedin.com/jobs/view/de-rce-data-engineer-risk-m-gdsn02-at-ey-4450457734,2026-08-13,"13 Aug 2026, 05:30 AM IST"
4453688527,https://in.linkedin.com/jobs/view/senior-analytics-engineer-at-bristol-myers-squibb-4453688527,2026-08-13,"13 Aug 2026, 05:30 AM IST"
4413427351,https://in.linkedin.com/jobs/view/principal-data-engineer-hyderabad-hybrid-at-syneos-health-4413427351,2026-08-13,"13 Aug 2026, 05:30 AM IST"
4452928555,https://in.linkedin.com/jobs/view/data-engineer-python-developer-at-sap-4452928555,2026-08-13,"13 Aug 2026, 05:30 AM IST"
4454028115,https://in.linkedin.com/jobs/view/senior-software-engineer-data-platform-at-microsoft-4454028115,2026-08-13,"13 Aug 2026, 05:30 AM IST"
4453650655,https://in.linkedin.com/jobs/view/data-engineer-palantir-foundry-at-atsmantra-4453650655,2026-08-13,"13 Aug 2026, 05:30 AM IST"
4453674365,https://in.linkedin.com/jobs/view/data-integration-etl-analyst-at-mufg-4453674365,2026-08-13,"13 Aug 2026, 05:30 AM IST"
4453640588,https://in.linkedin.com/jobs/view/pyspark-python-developer-at-wipro-4453640588,2026-08-13,"13 Aug 2026, 05:30 AM IST"
4454030138,https://in.linkedin.com/jobs/view/lead-data-engineer-snowflake-databricks-%0Aahmedabad-pune%0A7%E2%80%9310-years-at-caregence-4454030138,2026-08-13,"13 Aug 2026, 05:30 AM IST"
4454034034,https://in.linkedin.com/jobs/view/principal-software-engineer-data-platform-at-microsoft-4454034034,2026-08-13,"13 Aug 2026, 05:30 AM IST"
4453690541,https://in.linkedin.com/jobs/view/it-solution-database-engineer-at-eurofins-4453690541,2026-08-13,"13 Aug 2026, 05:30 AM IST"
4452973781,https://in.linkedin.com/jobs/view/engineer-java-spark-at-transunion-4452973781,2026-08-13,"13 Aug 2026, 05:30 AM IST"
4452704434,https://in.linkedin.com/jobs/view/azure-data-engineer-at-rapsys-technologies-pte-ltd-4452704434,2026-08-13,"12 Aug 2026, 05:30 AM IST"
4452742777,https://in.linkedin.com/jobs/view/senior-data-engineer-at-s-p-global-4452742777,2026-08-13,"12 Aug 2026, 05:30 AM IST"
4453120826,https://in.linkedin.com/jobs/view/data-engineer-advisor-at-ntt-data-north-america-4453120826,2026-08-13,"12 Aug 2026, 05:30 AM IST"
4450138835,https://in.linkedin.com/jobs/view/gcp-data-engineer-at-saama-4450138835,2026-08-13,"12 Aug 2026, 05:30 AM IST"
4450154309,https://in.linkedin.com/jobs/view/lead-i-data-engineering-at-ust-4450154309,2026-08-13,"12 Aug 2026, 05:30 AM IST"
4453362355,https://in.linkedin.com/jobs/view/data-engineer-i-cmt-at-amazon-4453362355,2026-08-13,"12 Aug 2026, 05:30 AM IST"
4324879671,https://in.linkedin.com/jobs/view/lead-aws-software-data-engineer-at-lseg-4324879671,2026-08-13,"12 Aug 2026, 05:30 AM IST"
4454003451,https://in.linkedin.com/jobs/view/big-data-engineer-remote-at-quik-hire-staffing-4454003451,2026-08-14,"13 Aug 2026, 05:30 AM IST"
4450805423,https://in.linkedin.com/jobs/view/data-engineer-pyspark-at-barclays-4450805423,2026-08-14,"14 Aug 2026, 05:30 AM IST"
4454332980,https://in.linkedin.com/jobs/view/interesting-job-opportunity-calfus-inc-senior-data-engineer-etl-data-warehousing-at-calfus-inc-4454332980,2026-08-14,"14 Aug 2026, 05:30 AM IST"
4454323173,https://in.linkedin.com/jobs/view/senior-data-engineer-at-optum-india-4454323173,2026-08-14,"13 Aug 2026, 05:30 AM IST"
4431805018,https://in.linkedin.com/jobs/view/data-engineer-at-regal-rexnord-4431805018,2026-08-14,"13 Aug 2026, 05:30 AM IST"
4454040270,https://in.linkedin.com/jobs/view/software-engineer-iii-data-engineering-itc-at-nike-4454040270,2026-08-14,"13 Aug 2026, 05:30 AM IST"
4454033645,https://in.linkedin.com/jobs/view/data-engineer-at-hypersonix-inc-4454033645,2026-08-14,"13 Aug 2026, 05:30 AM IST"
4454301448,https://in.linkedin.com/jobs/view/engineer-ii-%E2%80%93-batch-etl-data-processing-at-lpl-financial-global-capability-center-4454301448,2026-08-14,"13 Aug 2026, 05:30 AM IST"
4453206143,https://in.linkedin.com/jobs/view/data-etl-engineer-at-ascendion-4453206143,2026-08-14,"13 Aug 2026, 05:30 AM IST"
4454050602,https://in.linkedin.com/jobs/view/senior-data-engineer-at-impact-analytics-4454050602,2026-08-14,"13 Aug 2026, 05:30 AM IST"
4450816571,https://in.linkedin.com/jobs/view/senior-data-engineer-at-technoiogy%40ia-4450816571,2026-08-14,"13 Aug 2026, 05:30 AM IST"
4450823606,https://in.linkedin.com/jobs/view/data-platform-engineer-at-ust-4450823606,2026-08-14,"13 Aug 2026, 05:30 AM IST"
4425836631,https://in.linkedin.com/jobs/view/data-engineer-with-bigdata-spark-hive-and-airflow-basic-knowledge-working-with-kubernetes-irc274090-at-globallogic-4425836631,2026-08-14,"13 Aug 2026, 05:30 AM IST"
4450470014,https://in.linkedin.com/jobs/view/cloud-data-engineer-at-barclays-4450470014,2026-08-14,"13 Aug 2026, 05:30 AM IST"
4454324139,https://in.linkedin.com/jobs/view/data-engineering-consultant-at-optum-india-4454324139,2026-08-14,"13 Aug 2026, 05:30 AM IST"
4454082189,https://in.linkedin.com/jobs/view/lead-cloud-data-engineer-manager-at-state-street-4454082189,2026-08-14,"13 Aug 2026, 05:30 AM IST"
4454098824,https://in.linkedin.com/jobs/view/software-engineer-iii-data-engineer-java-spark-databricks-at-jpmorganchase-4454098824,2026-08-14,"13 Aug 2026, 05:30 AM IST"
4453206486,https://in.linkedin.com/jobs/view/sr-data-engineer-python-sql-snowflake-aws-or-gcp-at-genesys-4453206486,2026-08-14,"13 Aug 2026, 05:30 AM IST"
4454092529,https://in.linkedin.com/jobs/view/senior-engineer-%E2%80%93-batch-etl-big-data-workflow-orchestration-at-lpl-financial-global-capability-center-4454092529,2026-08-14,"13 Aug 2026, 05:30 AM IST"
4450817142,https://in.linkedin.com/jobs/view/sql-developer-data-lake-ai-data-engineering-at-envisioned-strategy-consulting-private-limited-4450817142,2026-08-14,"13 Aug 2026, 05:30 AM IST"
4453235236,https://in.linkedin.com/jobs/view/senior-data-engineer-azure-job-at-yash-technologies-4453235236,2026-08-14,"13 Aug 2026, 05:30 AM IST"
4454029141,https://in.linkedin.com/jobs/view/senior-data-engineer-snowflake-databricks-%0Aahmedabad-pune%0A5%2B-years-at-caregence-4454029141,2026-08-14,"13 Aug 2026, 05:30 AM IST"
4454046233,https://in.linkedin.com/jobs/view/job-posting-title-sr-data-engineer-%E2%80%93-enterprise-knowledge-engineering-at-amgen-4454046233,2026-08-14,"13 Aug 2026, 05:30 AM IST"
4454011760,https://in.linkedin.com/jobs/view/data-engineer-conversational-shopping-data-engineering-at-amazon-4454011760,2026-08-14,"13 Aug 2026, 05:30 AM IST"
4450453750,https://in.linkedin.com/jobs/view/de-rce-risk-data-engineer-sr-gdsn02-at-ey-4450453750,2026-08-14,"13 Aug 2026, 05:30 AM IST"
4450085445,https://in.linkedin.com/jobs/view/lead-software-engineer-data-engineer-at-caterpillar-inc-4450085445,2026-08-14,"13 Aug 2026, 05:30 AM IST"
4453206666,https://in.linkedin.com/jobs/view/python-and-ai-data-engineering-lead-senior-vice-president-at-citi-4453206666,2026-08-14,"13 Aug 2026, 05:30 AM IST"
4454047336,https://in.linkedin.com/jobs/view/data-engineer-at-flexiple-4454047336,2026-08-14,"13 Aug 2026, 05:30 AM IST"
4450474313,https://in.linkedin.com/jobs/view/senior-data-engineer-managed-services-at-telef%C3%B3nica-tech-en-4450474313,2026-08-14,"13 Aug 2026, 05:30 AM IST"
4450482547,https://in.linkedin.com/jobs/view/manager-data-engineer-azure-at-sun-pharma-4450482547,2026-08-14,"13 Aug 2026, 05:30 AM IST"
4452381009,https://in.linkedin.com/jobs/view/cloud-and-data-platform-engineer-at-agresearch-labs-4452381009,2026-08-14,"13 Aug 2026, 05:30 AM IST"
4453570400,https://in.linkedin.com/jobs/view/data-engineer-specialist-at-vanguard-india-4453570400,2026-08-14,"14 Aug 2026, 05:30 AM IST"
4454528167,https://in.linkedin.com/jobs/view/data-engineer-at-kumaran-systems-4454528167,2026-08-14,"14 Aug 2026, 05:30 AM IST"
4453570304,https://in.linkedin.com/jobs/view/specialist-data-engineer-at-nationwide-4453570304,2026-08-14,"14 Aug 2026, 05:30 AM IST"
4408035453,https://in.linkedin.com/jobs/view/data-engineer-at-bnp-paribas-4408035453,2026-08-14,"14 Aug 2026, 05:30 AM IST"
4454529311,https://in.linkedin.com/jobs/view/data-engineer-senior-ii-at-fedex-4454529311,2026-08-14,"14 Aug 2026, 05:30 AM IST"
4454526351,https://in.linkedin.com/jobs/view/data-engineer-senior-ii-at-fedex-4454526351,2026-08-14,"14 Aug 2026, 05:30 AM IST"
4454532898,https://in.linkedin.com/jobs/view/aws-data-engineer-at-ntt-data-north-america-4454532898,2026-08-14,"14 Aug 2026, 05:30 AM IST"
4451216463,https://in.linkedin.com/jobs/view/data-engineer-at-bahwan-cybertek-4451216463,2026-08-14,"14 Aug 2026, 05:30 AM IST"
4453512678,https://in.linkedin.com/jobs/view/snowflake-data-engineer-ads-at-apple-4453512678,2026-08-14,"14 Aug 2026, 05:30 AM IST"
4453528557,https://in.linkedin.com/jobs/view/data-engineer-ads-at-apple-4453528557,2026-08-14,"14 Aug 2026, 05:30 AM IST"
4413628187,https://in.linkedin.com/jobs/view/gcp-data-engineer-at-virtusa-4413628187,2026-08-14,"14 Aug 2026, 05:30 AM IST"
4454504652,https://in.linkedin.com/jobs/view/engineer-tsg-data-engineering-at-bain-company-4454504652,2026-08-14,"14 Aug 2026, 05:30 AM IST"
4454509957,https://in.linkedin.com/jobs/view/data-engineer-at-access-information-management-4454509957,2026-08-14,"14 Aug 2026, 05:30 AM IST"
4441583634,https://in.linkedin.com/jobs/view/principal-data-engineer-at-virtusa-4441583634,2026-08-14,"14 Aug 2026, 05:30 AM IST"
4451200446,https://in.linkedin.com/jobs/view/lead-i-data-engineering-at-ust-4451200446,2026-08-14,"14 Aug 2026, 05:30 AM IST"
4454512844,https://in.linkedin.com/jobs/view/sr-data-engineer-at-access-information-management-4454512844,2026-08-14,"14 Aug 2026, 05:30 AM IST"
4443876738,https://in.linkedin.com/jobs/view/staff-big-data-engineer-at-qualys-4443876738,2026-08-14,"14 Aug 2026, 05:30 AM IST"
4451203135,https://in.linkedin.com/jobs/view/tech-digital-sr-database-engineer-at-hdfc-bank-4451203135,2026-08-14,"14 Aug 2026, 05:30 AM IST"
4453577552,https://in.linkedin.com/jobs/view/sr-software-engineer-databricks-job-at-yash-technologies-4453577552,2026-08-14,"14 Aug 2026, 05:30 AM IST"
4453559885,https://in.linkedin.com/jobs/view/staff-engineer-big-data-at-nagarro-4453559885,2026-08-14,"14 Aug 2026, 05:30 AM IST"
4453560154,https://in.linkedin.com/jobs/view/data-engineer-ii-at-american-express-4453560154,2026-08-14,"14 Aug 2026, 05:30 AM IST"
4454510497,https://in.linkedin.com/jobs/view/in-senior-associate-aws-data-engineer-d-a-advisory-bangalore-at-pwc-india-4454510497,2026-08-14,"14 Aug 2026, 05:30 AM IST"
4454524308,https://in.linkedin.com/jobs/view/data-engineer-senior-ii-at-fedex-4454524308,2026-08-14,"14 Aug 2026, 05:30 AM IST"
4454528163,https://in.linkedin.com/jobs/view/databricks-developer-at-kumaran-systems-4454528163,2026-08-14,"14 Aug 2026, 05:30 AM IST"
4451207707,https://in.linkedin.com/jobs/view/databricks-data-specialist-r01569707-at-brillio-4451207707,2026-08-14,"14 Aug 2026, 05:30 AM IST"
4454046656,https://in.linkedin.com/jobs/view/full-stack-data-engineer-at-ford-motor-company-4454046656,2026-08-14,"13 Aug 2026, 05:30 AM IST"
4453250870,https://in.linkedin.com/jobs/view/data-engineer-assistant-vice-president-at-citi-4453250870,2026-08-14,"13 Aug 2026, 05:30 AM IST"
4453200234,https://in.linkedin.com/jobs/view/associate-data-engineer-at-astrazeneca-4453200234,2026-08-14,"13 Aug 2026, 05:30 AM IST"
4450807211,https://in.linkedin.com/jobs/view/senior-data-engineer-at-baker-tilly-us-4450807211,2026-08-14,"13 Aug 2026, 05:30 AM IST"
4454310577,https://in.linkedin.com/jobs/view/software-engineer-iii-python-pyspark-databricks-big-data-at-jpmorganchase-4454310577,2026-08-14,"13 Aug 2026, 05:30 AM IST"
4453254072,https://in.linkedin.com/jobs/view/senior-data-engineer-at-abc-fitness-4453254072,2026-08-14,"13 Aug 2026, 05:30 AM IST"
4412147311,https://in.linkedin.com/jobs/view/integration-developer-etl-aws-serverless-hybrid-bangalore-at-smartsheet-4412147311,2026-08-14,"13 Aug 2026, 05:30 AM IST"
4354776414,https://in.linkedin.com/jobs/view/data-engineer-at-onepay-4354776414,2026-08-17,"17 Aug 2026, 05:30 AM IST"
4455257002,https://in.linkedin.com/jobs/view/data-engineer-at-deccan-ai-4455257002,2026-08-17,"17 Aug 2026, 05:30 AM IST"
4441532096,https://in.linkedin.com/jobs/view/data-engineer-at-dexcare-4441532096,2026-08-17,"17 Aug 2026, 05:30 AM IST"
4455280670,https://in.linkedin.com/jobs/view/data-engineer-at-ntt-data-north-america-4455280670,2026-08-17,"17 Aug 2026, 05:30 AM IST"
4455272686,https://in.linkedin.com/jobs/view/data-engineer-digital-services-at-kk-group-4455272686,2026-08-17,"17 Aug 2026, 05:30 AM IST"
4454249314,https://in.linkedin.com/jobs/view/level-2-data-engineer-at-woodside-energy-india-4454249314,2026-08-17,"17 Aug 2026, 05:30 AM IST"
4455252920,https://in.linkedin.com/jobs/view/data-engineer-at-deccan-ai-4455252920,2026-08-17,"17 Aug 2026, 05:30 AM IST"
4444696040,https://in.linkedin.com/jobs/view/databricks-engineer-at-infosys-4444696040,2026-08-17,"16 Aug 2026, 05:30 AM IST"
4455571739,https://in.linkedin.com/jobs/view/software-engineer-human-data-platforms-remote-at-hire-feed-4455571739,2026-08-18,"18 Aug 2026, 05:30 AM IST"
4452524526,https://in.linkedin.com/jobs/view/data-engineer-at-regal-rexnord-4452524526,2026-08-18,"18 Aug 2026, 05:30 AM IST"
4454439843,https://in.linkedin.com/jobs/view/pyspark-databricks-at-infosys-4454439843,2026-08-18,"18 Aug 2026, 05:30 AM IST"
4455561838,https://in.linkedin.com/jobs/view/software-engineer-iii-etl-testing-pyspark-aws-at-jpmorganchase-4455561838,2026-08-18,"18 Aug 2026, 05:30 AM IST"
4454295688,https://in.linkedin.com/jobs/view/data-engineer-iii-at-expedia-group-4454295688,2026-08-18,"17 Aug 2026, 05:30 AM IST"
4454256421,https://in.linkedin.com/jobs/view/data-engineer-ii-at-inxiteout-4454256421,2026-08-18,"17 Aug 2026, 05:30 AM IST"
4445901657,https://in.linkedin.com/jobs/view/data-engineer-at-cisco-4445901657,2026-08-18,"17 Aug 2026, 05:30 AM IST"
4455375179,https://in.linkedin.com/jobs/view/staff-data-engineer-at-sandisk-4455375179,2026-08-18,"17 Aug 2026, 05:30 AM IST"
4408786073,https://in.linkedin.com/jobs/view/data-engineer-senior-ii-9-at-fedex-4408786073,2026-08-18,"17 Aug 2026, 05:30 AM IST"
4408788035,https://in.linkedin.com/jobs/view/data-engineer-senior-ii-7-at-fedex-4408788035,2026-08-18,"17 Aug 2026, 05:30 AM IST"
4407387125,https://in.linkedin.com/jobs/view/data-engineer-senior-ii-14-at-fedex-acc-4407387125,2026-08-18,"17 Aug 2026, 05:30 AM IST"
4407397023,https://in.linkedin.com/jobs/view/data-engineer-senior-ii-9-at-fedex-acc-4407397023,2026-08-18,"17 Aug 2026, 05:30 AM IST"
4455251606,https://in.linkedin.com/jobs/view/data-engineer-at-paypay-india-4455251606,2026-08-18,"17 Aug 2026, 05:30 AM IST"
4454294534,https://in.linkedin.com/jobs/view/data-engineer-iii-at-american-express-4454294534,2026-08-18,"17 Aug 2026, 05:30 AM IST"
4454242680,https://in.linkedin.com/jobs/view/databricks-technical-specialist-data-engg-at-birlasoft-4454242680,2026-08-18,"17 Aug 2026, 05:30 AM IST"
4444894570,https://in.linkedin.com/jobs/view/senior-data-engineer-at-zimmer-biomet-4444894570,2026-08-18,"17 Aug 2026, 05:30 AM IST"
4455364753,https://in.linkedin.com/jobs/view/data-lake-platform-developer-at-cgi-4455364753,2026-08-18,"17 Aug 2026, 05:30 AM IST"
4455304800,https://in.linkedin.com/jobs/view/data-engineer-ii-b-gbs-ind-at-bank-of-america-4455304800,2026-08-18,"17 Aug 2026, 05:30 AM IST"
4454271028,https://in.linkedin.com/jobs/view/senior-data-engineer-at-allica-bank-4454271028,2026-08-18,"17 Aug 2026, 05:30 AM IST"
4452232685,https://in.linkedin.com/jobs/view/senior-data-engineer-at-okta-4452232685,2026-08-18,"17 Aug 2026, 05:30 AM IST"
4454295924,https://in.linkedin.com/jobs/view/data-engineer-dataops-position-located-in-bengaluru-india-at-knowbe4-4454295924,2026-08-18,"17 Aug 2026, 05:30 AM IST"
4454243814,https://in.linkedin.com/jobs/view/sr-data-engineer-at-zensar-technologies-4454243814,2026-08-18,"17 Aug 2026, 05:30 AM IST"
4454411613,https://in.linkedin.com/jobs/view/ralph-lauren-senior-data-engineer-at-bof-careers-4454411613,2026-08-18,"17 Aug 2026, 05:30 AM IST"
4451708025,https://in.linkedin.com/jobs/view/data-engineer-analyst-at-barclays-4451708025,2026-08-18,"17 Aug 2026, 05:30 AM IST"
4455384947,https://in.linkedin.com/jobs/view/data-engineer-at-xml-international-4455384947,2026-08-18,"17 Aug 2026, 05:30 AM IST"
4454252478,https://in.linkedin.com/jobs/view/lead-data-engineering-at-tesco-bengaluru-4454252478,2026-08-18,"17 Aug 2026, 05:30 AM IST"
4426222683,https://in.linkedin.com/jobs/view/ey-gds-consulting-ai-and-data-data-engineer-staff-at-ey-4426222683,2026-08-18,"17 Aug 2026, 05:30 AM IST"
4451236121,https://in.linkedin.com/jobs/view/sr-data-engineer-at-jash-data-sciences-4451236121,2026-08-18,"17 Aug 2026, 05:30 AM IST"
4454251475,https://in.linkedin.com/jobs/view/lead-data-engineer-at-inxiteout-4454251475,2026-08-18,"17 Aug 2026, 05:30 AM IST"
4455318940,https://in.linkedin.com/jobs/view/expert-software-engineer-data-platform-at-alegeus-4455318940,2026-08-18,"17 Aug 2026, 05:30 AM IST"
4454247516,https://in.linkedin.com/jobs/view/lead-data-engineering-at-tesco-business-solutions-4454247516,2026-08-18,"17 Aug 2026, 05:30 AM IST"
4455365532,https://in.linkedin.com/jobs/view/lead-data-engineer-at-gradera-4455365532,2026-08-18,"17 Aug 2026, 05:30 AM IST"
4454279440,https://in.linkedin.com/jobs/view/microsoft-fabric-data-engineer-at-emagine-4454279440,2026-08-18,"17 Aug 2026, 05:30 AM IST"
4454408655,https://in.linkedin.com/jobs/view/data-engineering-at-ey-4454408655,2026-08-18,"17 Aug 2026, 05:30 AM IST"
4455273947,https://in.linkedin.com/jobs/view/data-engineer-flex-analytics-at-amazon-4455273947,2026-08-18,"17 Aug 2026, 05:30 AM IST"
4452225872,https://in.linkedin.com/jobs/view/snr-data-engineer-at-alight-solutions-4452225872,2026-08-18,"17 Aug 2026, 05:30 AM IST"
4452268699,https://in.linkedin.com/jobs/view/data-engineer-data-platforms-google-at-ibm-4452268699,2026-08-18,"17 Aug 2026, 05:30 AM IST"
4455331539,https://in.linkedin.com/jobs/view/senior-data-engineer-at-iris-software-inc-4455331539,2026-08-18,"17 Aug 2026, 05:30 AM IST"
4455262947,https://in.linkedin.com/jobs/view/senior-software-engineer-etl-at-happiest-minds-technologies-4455262947,2026-08-18,"17 Aug 2026, 05:30 AM IST"
4445137522,https://in.linkedin.com/jobs/view/principal-data-engineer-at-icims-4445137522,2026-08-18,"17 Aug 2026, 05:30 AM IST"
4455305176,https://in.linkedin.com/jobs/view/big-data-hadoop-engineer-at-wipro-4455305176,2026-08-18,"17 Aug 2026, 05:30 AM IST"
4435314478,https://in.linkedin.com/jobs/view/lead-software-engineer-data-engineering-%2B-aws-at-jpmorganchase-4435314478,2026-08-18,"17 Aug 2026, 05:30 AM IST"
4452252448,https://in.linkedin.com/jobs/view/data-engineer-at-aviato-consulting-4452252448,2026-08-18,"17 Aug 2026, 05:30 AM IST"
4454412003,https://in.linkedin.com/jobs/view/analytics-engineer-position-located-in-bengaluru-india-at-knowbe4-4454412003,2026-08-18,"17 Aug 2026, 05:30 AM IST"
4455306526,https://in.linkedin.com/jobs/view/principal-data-engineer-at-atlassian-4455306526,2026-08-18,"17 Aug 2026, 05:30 AM IST"
4089379989,https://in.linkedin.com/jobs/view/lead-data-engineer-data-engineering-at-bristlecone-4089379989,2026-08-18,"17 Aug 2026, 05:30 AM IST"
4455278028,https://in.linkedin.com/jobs/view/senior-staff-data-engineer-bi-%E2%80%93-ceg-team-at-agoda-4455278028,2026-08-18,"17 Aug 2026, 05:30 AM IST"
4420103880,https://in.linkedin.com/jobs/view/senior-staff-gcp-data-engineer-at-equinix-4420103880,2026-08-18,"17 Aug 2026, 05:30 AM IST"
4455327594,https://in.linkedin.com/jobs/view/data-engineer-at-flexiple-4455327594,2026-08-18,"17 Aug 2026, 05:30 AM IST"
4442851076,https://in.linkedin.com/jobs/view/sr-ai-engineer-data-pipelines-context-systems-at-reltio-4442851076,2026-08-18,"17 Aug 2026, 05:30 AM IST"
4452229777,https://in.linkedin.com/jobs/view/senior-staff-it-data-engineering-and-analytics-at-stonex-group-inc-4452229777,2026-08-18,"17 Aug 2026, 05:30 AM IST"
4455560990,https://in.linkedin.com/jobs/view/big-data-engineer-remote-at-quik-hire-staffing-4455560990,2026-08-18,"18 Aug 2026, 05:30 AM IST"
4454756463,https://in.linkedin.com/jobs/view/data-engineer-at-google-4454756463,2026-08-18,"18 Aug 2026, 05:30 AM IST"
4454556445,https://in.linkedin.com/jobs/view/data-engineer-specialist-at-vanguard-4454556445,2026-08-18,"18 Aug 2026, 05:30 AM IST"
4455716013,https://in.linkedin.com/jobs/view/data-engineer-%E2%80%94-ai-agentic-solutions-at-eli-lilly-and-company-4455716013,2026-08-18,"18 Aug 2026, 05:30 AM IST"
4452802536,https://in.linkedin.com/jobs/view/data-engineer-at-milestone-technologies-inc-4452802536,2026-08-18,"18 Aug 2026, 05:30 AM IST"
4454470953,https://in.linkedin.com/jobs/view/data-engineer-senior-ii-at-fedex-4454470953,2026-08-18,"18 Aug 2026, 05:30 AM IST"
4454482923,https://in.linkedin.com/jobs/view/data-engineer-senior-ii-at-fedex-4454482923,2026-08-18,"18 Aug 2026, 05:30 AM IST"
4443776747,https://in.linkedin.com/jobs/view/databricks-data-engineer-bengaluru-at-omnissa-4443776747,2026-08-18,"18 Aug 2026, 05:30 AM IST"
4452551644,https://in.linkedin.com/jobs/view/data-engineer-ai-at-bosch-global-software-technologies-4452551644,2026-08-18,"18 Aug 2026, 05:30 AM IST"
4452585338,https://in.linkedin.com/jobs/view/data-engineer-data-platforms-azure-at-ibm-4452585338,2026-08-18,"18 Aug 2026, 05:30 AM IST"
4454701088,https://in.linkedin.com/jobs/view/senior-data-engineer-at-tecksight-4454701088,2026-08-18,"18 Aug 2026, 05:30 AM IST"
4455704279,https://in.linkedin.com/jobs/view/senior-data-engineer-at-air-products-4455704279,2026-08-18,"18 Aug 2026, 05:30 AM IST"
4454489620,https://in.linkedin.com/jobs/view/senior-data-engineer-at-wissen-technology-4454489620,2026-08-18,"18 Aug 2026, 05:30 AM IST"
4454705788,https://in.linkedin.com/jobs/view/azure-databricks-specialist-at-birlasoft-4454705788,2026-08-18,"18 Aug 2026, 05:30 AM IST"
4425795735,https://in.linkedin.com/jobs/view/python-%2B-big-data-at-virtusa-4425795735,2026-08-18,"18 Aug 2026, 05:30 AM IST"
4454752309,https://in.linkedin.com/jobs/view/data-engineer-solution-expert-at-metro-global-solution-center-in-4454752309,2026-08-18,"18 Aug 2026, 05:30 AM IST"
4454482925,https://in.linkedin.com/jobs/view/delivery-lead-data-engineer-at-acuity-analytics-4454482925,2026-08-18,"18 Aug 2026, 05:30 AM IST"
4442836752,https://in.linkedin.com/jobs/view/deputy-manager-data-engineering-analytics-specialist-pune-at-vois-4442836752,2026-08-18,"17 Aug 2026, 05:30 AM IST"
4456103108,https://in.linkedin.com/jobs/view/facctum-senior-data-engineer-aws-at-facctum-4456103108,2026-08-19,"19 Aug 2026, 05:30 AM IST"
4452899043,https://in.linkedin.com/jobs/view/lead-data-engineer-at-boston-insights-4452899043,2026-08-19,"19 Aug 2026, 05:30 AM IST"
4454549501,https://in.linkedin.com/jobs/view/data-engineer-specialist-at-vanguard-4454549501,2026-08-19,"18 Aug 2026, 05:30 AM IST"
4455740738,https://in.linkedin.com/jobs/view/big-data-engineer-ii-at-metlife-4455740738,2026-08-19,"18 Aug 2026, 05:30 AM IST"
4455793965,https://in.linkedin.com/jobs/view/data-engineer-ii-at-amazon-4455793965,2026-08-19,"18 Aug 2026, 05:30 AM IST"
4455953854,https://in.linkedin.com/jobs/view/data-engineer-at-natwest-group-4455953854,2026-08-19,"18 Aug 2026, 05:30 AM IST"
4455768111,https://in.linkedin.com/jobs/view/data-engineer-at-ncircle-tech-careers-4455768111,2026-08-19,"18 Aug 2026, 05:30 AM IST"
4455939394,https://in.linkedin.com/jobs/view/data-engineer-ii-amazon-payment-products-at-amazon-4455939394,2026-08-19,"18 Aug 2026, 05:30 AM IST"
4455723973,https://in.linkedin.com/jobs/view/senior-big-data-engineer-i-at-metlife-4455723973,2026-08-19,"18 Aug 2026, 05:30 AM IST"
4455956863,https://in.linkedin.com/jobs/view/data-engineer-at-natwest-group-4455956863,2026-08-19,"18 Aug 2026, 05:30 AM IST"
4454470518,https://in.linkedin.com/jobs/view/big-data-engineer-at-wingify-4454470518,2026-08-19,"18 Aug 2026, 05:30 AM IST"
4455785375,https://in.linkedin.com/jobs/view/senior-data-engineer-at-te-connectivity-4455785375,2026-08-19,"18 Aug 2026, 05:30 AM IST"
4452587280,https://in.linkedin.com/jobs/view/data-engineer-data-platforms-azure-at-ibm-4452587280,2026-08-19,"18 Aug 2026, 05:30 AM IST"
4455916078,https://in.linkedin.com/jobs/view/data-engineer-in-data-engineering-analytics-at-amazon-business-4455916078,2026-08-19,"18 Aug 2026, 05:30 AM IST"
4418936341,https://in.linkedin.com/jobs/view/senior-data-engineer-at-ge-healthcare-4418936341,2026-08-19,"18 Aug 2026, 05:30 AM IST"
4454743823,https://in.linkedin.com/jobs/view/data-engineer-lead-at-massmutual-india-4454743823,2026-08-19,"18 Aug 2026, 05:30 AM IST"
4452812451,https://in.linkedin.com/jobs/view/senior-data-engineer-at-milestone-technologies-inc-4452812451,2026-08-19,"18 Aug 2026, 05:30 AM IST"
4454764497,https://in.linkedin.com/jobs/view/sr-data-engineer-at-shell-4454764497,2026-08-19,"18 Aug 2026, 05:30 AM IST"
4445466087,https://in.linkedin.com/jobs/view/data-engineering-professional-ii-at-takeda-4445466087,2026-08-19,"18 Aug 2026, 05:30 AM IST"
4452823205,https://in.linkedin.com/jobs/view/senior-data-engineer-at-barclays-4452823205,2026-08-19,"18 Aug 2026, 05:30 AM IST"
4454779840,https://in.linkedin.com/jobs/view/senior-data-engineer-i-at-american-express-4454779840,2026-08-19,"18 Aug 2026, 05:30 AM IST"
4455762877,https://in.linkedin.com/jobs/view/full-stack-data-engineer-at-ford-motor-company-4455762877,2026-08-19,"18 Aug 2026, 05:30 AM IST"
4455938018,https://in.linkedin.com/jobs/view/data-engineer-ii-supply-chain-analytics-at-amazon-web-services-aws-4455938018,2026-08-19,"18 Aug 2026, 05:30 AM IST"
4454754220,https://in.linkedin.com/jobs/view/data-engineer-at-lseg-4454754220,2026-08-19,"18 Aug 2026, 05:30 AM IST"
4452582441,https://in.linkedin.com/jobs/view/associate-iii-data-engineering-at-ust-4452582441,2026-08-19,"18 Aug 2026, 05:30 AM IST"
4454787314,https://in.linkedin.com/jobs/view/data-engineering-developer-dwh-pl-sql-at-iqvia-4454787314,2026-08-19,"18 Aug 2026, 05:30 AM IST"
4455958432,https://in.linkedin.com/jobs/view/azure-databricks-developer-at-cgi-4455958432,2026-08-19,"18 Aug 2026, 05:30 AM IST"
4443275549,https://in.linkedin.com/jobs/view/sr-specialist-data-engineering-at-charles-schwab-india-4443275549,2026-08-19,"18 Aug 2026, 05:30 AM IST"
4455739502,https://in.linkedin.com/jobs/view/sr-data-engineer-analytics-engineering-at-morningstar-4455739502,2026-08-19,"18 Aug 2026, 05:30 AM IST"
4445153143,https://in.linkedin.com/jobs/view/lead-data-engineer-at-relatient-4445153143,2026-08-19,"18 Aug 2026, 05:30 AM IST"
4443290186,https://in.linkedin.com/jobs/view/sr-specialist-data-platform-engineering-at-charles-schwab-india-4443290186,2026-08-19,"18 Aug 2026, 05:30 AM IST"
4454548292,https://in.linkedin.com/jobs/view/staff-software-engineer-data-engineering-solutions-at-stripe-4454548292,2026-08-19,"18 Aug 2026, 05:30 AM IST"
4455705972,https://in.linkedin.com/jobs/view/data-engineer-python-senior-engineer-at-iris-software-inc-4455705972,2026-08-19,"18 Aug 2026, 05:30 AM IST"
4455774028,https://in.linkedin.com/jobs/view/specialist-software-engineer-azure-pyspark-at-societe-generale-global-solution-centre-4455774028,2026-08-19,"18 Aug 2026, 05:30 AM IST"
4455789756,https://in.linkedin.com/jobs/view/senior-data-engineer-prime-video-apac-and-anz-analytics-team-at-prime-video-amazon-mgm-studios-4455789756,2026-08-19,"18 Aug 2026, 05:30 AM IST"
4452576783,https://in.linkedin.com/jobs/view/senior-data-engineer-r01569889-at-brillio-4452576783,2026-08-19,"18 Aug 2026, 05:30 AM IST"
4452804780,https://in.linkedin.com/jobs/view/senior-aws-data-engineer-at-facctum-4452804780,2026-08-19,"18 Aug 2026, 05:30 AM IST"
4455774594,https://in.linkedin.com/jobs/view/senior-engineer-etl-java-avp-at-state-street-4455774594,2026-08-19,"18 Aug 2026, 05:30 AM IST"
4447514828,https://in.linkedin.com/jobs/view/avp-principal-data-engineer-l11-at-synchrony-4447514828,2026-08-19,"18 Aug 2026, 05:30 AM IST"
4454901589,https://in.linkedin.com/jobs/view/associate-staff-engineer-data-engineer-apache-kafka-flink-java-at-nagarro-4454901589,2026-08-19,"18 Aug 2026, 05:30 AM IST"
4455586429,https://in.linkedin.com/jobs/view/gcp-data-engineer-at-wipro-4455586429,2026-08-19,"18 Aug 2026, 05:30 AM IST"
4447519807,https://in.linkedin.com/jobs/view/avp-principal-data-engineer-l11-at-synchrony-4447519807,2026-08-19,"18 Aug 2026, 05:30 AM IST"
4445714236,https://in.linkedin.com/jobs/view/de-a-aiml-graph-db-data-engineer-at-zensar-technologies-4445714236,2026-08-19,"18 Aug 2026, 05:30 AM IST"
4456162857,https://in.linkedin.com/jobs/view/data-engineer-at-indium-4456162857,2026-08-19,"19 Aug 2026, 05:30 AM IST"
4456305232,https://in.linkedin.com/jobs/view/engineer-data-engineering-at-news-corp-4456305232,2026-08-19,"19 Aug 2026, 05:30 AM IST"
4456300154,https://in.linkedin.com/jobs/view/data-engineer-2-at-jll-4456300154,2026-08-19,"19 Aug 2026, 05:30 AM IST"
4456199549,https://in.linkedin.com/jobs/view/data-engineer-at-sourcingxpress-4456199549,2026-08-19,"19 Aug 2026, 05:30 AM IST"
4453458045,https://in.linkedin.com/jobs/view/aws-data-engineer-databricks-at-adp-4453458045,2026-08-19,"19 Aug 2026, 05:30 AM IST"
4456300300,https://in.linkedin.com/jobs/view/data-engineer-ii-prime-video-advertising-at-prime-video-amazon-mgm-studios-4456300300,2026-08-19,"19 Aug 2026, 05:30 AM IST"
4456165208,https://in.linkedin.com/jobs/view/data-engineer-at-infovision-inc-4456165208,2026-08-19,"19 Aug 2026, 05:30 AM IST"
4456143285,https://in.linkedin.com/jobs/view/data-engineer-and-api-developer-at-thermo-fisher-scientific-4456143285,2026-08-19,"19 Aug 2026, 05:30 AM IST"
4445711635,https://in.linkedin.com/jobs/view/aws-data-engineer-at-capco-4445711635,2026-08-19,"19 Aug 2026, 05:30 AM IST"
4456167355,https://in.linkedin.com/jobs/view/staff-data-engineer-at-sarvam-4456167355,2026-08-19,"19 Aug 2026, 05:30 AM IST"
4453415366,https://in.linkedin.com/jobs/view/senior-data-engineer-at-baazi-games-4453415366,2026-08-19,"19 Aug 2026, 05:30 AM IST"
4433962317,https://in.linkedin.com/jobs/view/sr-data-engineer-at-ebay-4433962317,2026-08-19,"19 Aug 2026, 05:30 AM IST"
4453430110,https://in.linkedin.com/jobs/view/software-engineer-python-pyspark-at-infor-4453430110,2026-08-19,"19 Aug 2026, 05:30 AM IST"
4454953706,https://in.linkedin.com/jobs/view/senior-data-engineer-at-equifax-india-4454953706,2026-08-19,"19 Aug 2026, 05:30 AM IST"
4445795802,https://in.linkedin.com/jobs/view/python-pyspark-developer-at-infosys-4445795802,2026-08-19,"19 Aug 2026, 05:30 AM IST"
4453443052,https://in.linkedin.com/jobs/view/data-engineer-ssis-at-happiest-minds-technologies-4453443052,2026-08-19,"19 Aug 2026, 05:30 AM IST"
4456302168,https://in.linkedin.com/jobs/view/senior-data-engineer-at-jll-4456302168,2026-08-19,"19 Aug 2026, 05:30 AM IST"
4437725421,https://in.linkedin.com/jobs/view/data-engineer-ii-sre-at-jpmorganchase-4437725421,2026-08-19,"19 Aug 2026, 05:30 AM IST"
4454990744,https://in.linkedin.com/jobs/view/data-engineer-at-dentsu-global-services-4454990744,2026-08-19,"19 Aug 2026, 05:30 AM IST"
4429591535,https://in.linkedin.com/jobs/view/lead-data-engineer-at-cohere-health-4429591535,2026-08-19,"19 Aug 2026, 05:30 AM IST"
4456193018,https://in.linkedin.com/jobs/view/lead-data-engineer-at-jacobs-4456193018,2026-08-19,"19 Aug 2026, 05:30 AM IST"
4456165117,https://in.linkedin.com/jobs/view/gcp-data-engineer-at-infovision-inc-4456165117,2026-08-19,"19 Aug 2026, 05:30 AM IST"
4456197005,https://in.linkedin.com/jobs/view/lead-data-engineer-at-jacobs-4456197005,2026-08-19,"19 Aug 2026, 05:30 AM IST"
4456171184,https://in.linkedin.com/jobs/view/data-engineer-azure-microsoft-fabric-at-visionet-systems-inc-4456171184,2026-08-19,"19 Aug 2026, 05:30 AM IST"
4455909149,https://in.linkedin.com/jobs/view/data-engineer-ii-jwo-data-services-at-amazon-web-services-aws-4455909149,2026-08-19,"19 Aug 2026, 05:30 AM IST"
4454992641,https://in.linkedin.com/jobs/view/data-engineer-2-at-metayb-4454992641,2026-08-19,"19 Aug 2026, 05:30 AM IST"
4443279404,https://in.linkedin.com/jobs/view/manager-data-platform-engineer-at-charles-schwab-india-4443279404,2026-08-19,"19 Aug 2026, 05:30 AM IST"
4454989488,https://in.linkedin.com/jobs/view/senior-data-engineer-at-principal-financial-group-4454989488,2026-08-19,"19 Aug 2026, 05:30 AM IST"
4454946828,https://in.linkedin.com/jobs/view/senior-data-engineer-at-tech-holding-4454946828,2026-08-19,"19 Aug 2026, 05:30 AM IST"
4455415211,https://in.linkedin.com/jobs/view/senior-data-engineer-aws-spark-scala-big-data-genai-at-synechron-4455415211,2026-08-19,"19 Aug 2026, 05:30 AM IST"
4456302297,https://in.linkedin.com/jobs/view/sr-data-engineer-de-iii-prime-video-advertising-at-prime-video-amazon-mgm-studios-4456302297,2026-08-19,"19 Aug 2026, 05:30 AM IST"
4456162270,https://in.linkedin.com/jobs/view/lead-data-engineer-at-biospace-4456162270,2026-08-19,"19 Aug 2026, 05:30 AM IST"
4453418373,https://in.linkedin.com/jobs/view/ey-gds-consulting-ai-and-data-ai-data-platform-engineer-databricks-senior-at-ey-4453418373,2026-08-19,"19 Aug 2026, 05:30 AM IST"
4453445155,https://in.linkedin.com/jobs/view/senior-data-engineer-at-chevron-4453445155,2026-08-19,"19 Aug 2026, 05:30 AM IST"
4454950592,https://in.linkedin.com/jobs/view/senior-data-engineer-pyspark-microsoft-fabric-at-quest-global-4454950592,2026-08-19,"19 Aug 2026, 05:30 AM IST"
4448881755,https://in.linkedin.com/jobs/view/senior-data-engineer-at-amgen-4448881755,2026-08-19,"18 Aug 2026, 05:30 AM IST"
4447527671,https://in.linkedin.com/jobs/view/avp-principal-data-engineer-l11-at-synchrony-4447527671,2026-08-19,"18 Aug 2026, 05:30 AM IST"
4443228353,https://in.linkedin.com/jobs/view/staff-data-engineer-at-lytx-inc-4443228353,2026-08-19,"18 Aug 2026, 05:30 AM IST"
4445487881,https://in.linkedin.com/jobs/view/senior-data-engineer-vice-president-python-development-at-citi-4445487881,2026-08-19,"18 Aug 2026, 05:30 AM IST"
4455958128,https://in.linkedin.com/jobs/view/staff-data-analytics-engineer-at-sandisk-4455958128,2026-08-19,"18 Aug 2026, 05:30 AM IST"
4454769745,https://in.linkedin.com/jobs/view/data-engineering-developer-dwh-pl-sql-at-iqvia-4454769745,2026-08-19,"18 Aug 2026, 05:30 AM IST"
4452811719,https://in.linkedin.com/jobs/view/associate-platform-services-data-engineer-at-zs-4452811719,2026-08-19,"18 Aug 2026, 05:30 AM IST"
4456418933,https://in.linkedin.com/jobs/view/data-engineer-at-fetchjobs-co-4456418933,2026-08-20,"20 Aug 2026, 05:30 AM IST"
4455911307,https://in.linkedin.com/jobs/view/data-engineer-wwgs-grit-at-amazon-4455911307,2026-08-20,"19 Aug 2026, 05:30 AM IST"
4456198343,https://in.linkedin.com/jobs/view/data-engineer-ii-ww-fba-central-analytics-at-amazon-4456198343,2026-08-20,"19 Aug 2026, 05:30 AM IST"
4456321111,https://in.linkedin.com/jobs/view/azure-data-engineer-at-metlife-4456321111,2026-08-20,"19 Aug 2026, 05:30 AM IST"
4453480762,https://in.linkedin.com/jobs/view/data-engineer-at-milestone-technologies-inc-4453480762,2026-08-20,"19 Aug 2026, 05:30 AM IST"
4456348316,https://in.linkedin.com/jobs/view/data-engineer-with-python-at-abb-4456348316,2026-08-20,"19 Aug 2026, 05:30 AM IST"
4455413310,https://in.linkedin.com/jobs/view/data-engineer-ai-labs-at-idfc-first-bank-4455413310,2026-08-20,"19 Aug 2026, 05:30 AM IST"
4444264112,https://in.linkedin.com/jobs/view/data-engineer-with-kafka-and-elk-at-cgi-4444264112,2026-08-20,"19 Aug 2026, 05:30 AM IST"
4455423242,https://in.linkedin.com/jobs/view/data-engineer-at-l-or%C3%A9al-4455423242,2026-08-20,"19 Aug 2026, 05:30 AM IST"
4429248682,https://in.linkedin.com/jobs/view/senior-specialist-data-engineering-at-nasdaq-4429248682,2026-08-20,"19 Aug 2026, 05:30 AM IST"
4453448681,https://in.linkedin.com/jobs/view/data-engineer-databricks-react-at-ey-4453448681,2026-08-20,"19 Aug 2026, 05:30 AM IST"
4456330941,https://in.linkedin.com/jobs/view/data-engineer-at-ford-motor-company-4456330941,2026-08-20,"19 Aug 2026, 05:30 AM IST"
4455403610,https://in.linkedin.com/jobs/view/microsoft-fabric-data-engineer-at-emagine-4455403610,2026-08-20,"19 Aug 2026, 05:30 AM IST"
4453445028,https://in.linkedin.com/jobs/view/data-engineer-ssis-at-happiest-minds-technologies-4453445028,2026-08-20,"19 Aug 2026, 05:30 AM IST"
4455440404,https://in.linkedin.com/jobs/view/data-engineer-at-tribute-technology-4455440404,2026-08-20,"19 Aug 2026, 05:30 AM IST"
4248787113,https://in.linkedin.com/jobs/view/senior-data-developer-azure-databricks%2Bcosmos-db-%2B-sql-%2B-etl%2Bssis-at-ups-4248787113,2026-08-20,"19 Aug 2026, 05:30 AM IST"
4455419083,https://in.linkedin.com/jobs/view/sr-data-engineer-at-ascendion-4455419083,2026-08-20,"19 Aug 2026, 05:30 AM IST"
4454993843,https://in.linkedin.com/jobs/view/big-data-developer-at-mphasis-4454993843,2026-08-20,"19 Aug 2026, 05:30 AM IST"
4446058591,https://in.linkedin.com/jobs/view/senior-associate-data-engineer-at-acuity-analytics-4446058591,2026-08-20,"19 Aug 2026, 05:30 AM IST"
4446044663,https://in.linkedin.com/jobs/view/lead-big-data-engineer-assistant-vice-president-at-citi-4446044663,2026-08-20,"19 Aug 2026, 05:30 AM IST"
4455425311,https://in.linkedin.com/jobs/view/senior-data-engineer-aws-spark-scala-big-at-calitii-4455425311,2026-08-20,"19 Aug 2026, 05:30 AM IST"
4446380522,https://in.linkedin.com/jobs/view/senior-software-engineer-azure-data-engineer-at-cgi-4446380522,2026-08-20,"19 Aug 2026, 05:30 AM IST"
4444112682,https://in.linkedin.com/jobs/view/lead-data-platform-engineer-at-lseg-4444112682,2026-08-20,"19 Aug 2026, 05:30 AM IST"
4437843918,https://in.linkedin.com/jobs/view/principal-databricks-developer-at-astellas-pharma-4437843918,2026-08-20,"19 Aug 2026, 05:30 AM IST"
4438189599,https://in.linkedin.com/jobs/view/lead-data-engineer-oic%2Bpython-at-mattel-inc-4438189599,2026-08-20,"19 Aug 2026, 05:30 AM IST"
4456365867,https://in.linkedin.com/jobs/view/lead-full-stack-data-engineer-at-convatec-4456365867,2026-08-20,"19 Aug 2026, 05:30 AM IST"
4434551170,https://in.linkedin.com/jobs/view/etl-developer-at-mouser-electronics-4434551170,2026-08-20,"19 Aug 2026, 05:30 AM IST"
4454969892,https://in.linkedin.com/jobs/view/de-a-sr-data-engineer-databricks-at-zensar-technologies-4454969892,2026-08-20,"19 Aug 2026, 05:30 AM IST"
4456338312,https://in.linkedin.com/jobs/view/data-analytics-engineer-i-at-isa-4456338312,2026-08-20,"19 Aug 2026, 05:30 AM IST"
4437721451,https://in.linkedin.com/jobs/view/data-analytics-senior-integration-data-engineer-at-solventum-4437721451,2026-08-20,"19 Aug 2026, 05:30 AM IST"
4456154875,https://in.linkedin.com/jobs/view/gcp-data-engineer-associate-director-data-and-analytics-at-hsbc-4456154875,2026-08-20,"19 Aug 2026, 05:30 AM IST"
4456731008,https://in.linkedin.com/jobs/view/engineer-data-engineering-at-news-corp-4456731008,2026-08-20,"20 Aug 2026, 05:30 AM IST"
4456709012,https://in.linkedin.com/jobs/view/data-engineer-2-at-jll-4456709012,2026-08-20,"20 Aug 2026, 05:30 AM IST"
4456717609,https://in.linkedin.com/jobs/view/staff-data-engineer-at-servicenow-4456717609,2026-08-20,"20 Aug 2026, 05:30 AM IST"
4456725151,https://in.linkedin.com/jobs/view/data-engineer-vice-president-at-blackrock-4456725151,2026-08-20,"20 Aug 2026, 05:30 AM IST"
4456710525,https://in.linkedin.com/jobs/view/lead-data-engineer-at-eucloid-data-solutions-4456710525,2026-08-20,"20 Aug 2026, 05:30 AM IST"
4456491957,https://in.linkedin.com/jobs/view/lead-engineer-databricks-at-happiest-minds-technologies-4456491957,2026-08-20,"20 Aug 2026, 05:30 AM IST"
4436899936,https://in.linkedin.com/jobs/view/senior-data-engineer-python-job-at-yash-technologies-4436899936,2026-08-20,"20 Aug 2026, 05:30 AM IST"
4453846020,https://in.linkedin.com/jobs/view/cloud-data-engineer-at-barclays-4453846020,2026-08-20,"20 Aug 2026, 05:30 AM IST"
4434580189,https://in.linkedin.com/jobs/view/sr-data-engineer-at-quickbase-4434580189,2026-08-20,"20 Aug 2026, 05:30 AM IST"
4446076724,https://in.linkedin.com/jobs/view/senior-data-engineer-at-globant-4446076724,2026-08-20,"20 Aug 2026, 05:30 AM IST"
4436818155,https://in.linkedin.com/jobs/view/lead-big-data-engineer-at-s-p-global-4436818155,2026-08-20,"20 Aug 2026, 05:30 AM IST"
4429569691,https://in.linkedin.com/jobs/view/staff-data-engineer-at-servicetitan-4429569691,2026-08-20,"20 Aug 2026, 05:30 AM IST"
4456493837,https://in.linkedin.com/jobs/view/staff-data-engineer-8-10-years-exp-java-python-scala-spark-hadoop-at-visa-4456493837,2026-08-20,"20 Aug 2026, 05:30 AM IST"
4456470685,https://in.linkedin.com/jobs/view/data-platform-engineer-at-tvh-4456470685,2026-08-20,"20 Aug 2026, 05:30 AM IST"
4453892092,https://in.linkedin.com/jobs/view/gcp-data-engineer-at-ltm-4453892092,2026-08-20,"20 Aug 2026, 05:30 AM IST"
4456467557,https://in.linkedin.com/jobs/view/data-engineering-snowflake-lead-engineer-vice-president-data-engineering-at-morgan-stanley-4456467557,2026-08-20,"20 Aug 2026, 05:30 AM IST"
4437050324,https://in.linkedin.com/jobs/view/sr-cloud-data-engineer-smai-at-micron-technology-4437050324,2026-08-20,"20 Aug 2026, 05:30 AM IST"
4450483707,https://in.linkedin.com/jobs/view/senior-data-engineer-at-wpp-media-4450483707,2026-08-20,"20 Aug 2026, 05:30 AM IST"
4444176536,https://in.linkedin.com/jobs/view/senior-associate-data-engineering-l2-at-publicis-sapient-4444176536,2026-08-20,"20 Aug 2026, 05:30 AM IST"
4446733892,https://in.linkedin.com/jobs/view/data-engineer-at-assa-abloy-group-4446733892,2026-08-20,"20 Aug 2026, 05:30 AM IST"
4456455765,https://in.linkedin.com/jobs/view/senior-data-engineering-consultant-at-optum-india-4456455765,2026-08-20,"20 Aug 2026, 05:30 AM IST"
4446069396,https://in.linkedin.com/jobs/view/delivery-lead-data-engineer-at-acuity-analytics-4446069396,2026-08-20,"20 Aug 2026, 05:30 AM IST"
4456479060,https://in.linkedin.com/jobs/view/azure-databricks-snowflake-data-engineer-at-willware-technologies-4456479060,2026-08-20,"20 Aug 2026, 05:30 AM IST"
4453870376,https://in.linkedin.com/jobs/view/ey-gds-consulting-ai-and-data-aws-data-engineer-manager-at-ey-4453870376,2026-08-20,"20 Aug 2026, 05:30 AM IST"
4453875417,https://in.linkedin.com/jobs/view/data-analytics-engineer-at-netapp-4453875417,2026-08-20,"20 Aug 2026, 05:30 AM IST"
4444191151,https://in.linkedin.com/jobs/view/senior-associate-data-engineering-l2-at-publicis-sapient-4444191151,2026-08-20,"20 Aug 2026, 05:30 AM IST"
4455605133,https://in.linkedin.com/jobs/view/big-data-engineer-python-and-spark-at-citi-4455605133,2026-08-20,"20 Aug 2026, 05:30 AM IST"
4437037108,https://in.linkedin.com/jobs/view/senior-gcp-data-engineer-at-dentsu-global-services-4437037108,2026-08-20,"20 Aug 2026, 05:30 AM IST"
4456464763,https://in.linkedin.com/jobs/view/data-engineer-at-monks-4456464763,2026-08-20,"20 Aug 2026, 05:30 AM IST"
4455429262,https://in.linkedin.com/jobs/view/data-engineer-youtube-business-organization-at-google-4455429262,2026-08-20,"19 Aug 2026, 05:30 AM IST"
4456359391,https://in.linkedin.com/jobs/view/data-engineer-dbt-at-nestl%C3%A9-nespresso-sa-4456359391,2026-08-20,"19 Aug 2026, 05:30 AM IST"
4445968218,https://in.linkedin.com/jobs/view/digital-technology-professional-data-engineer-at-baker-hughes-4445968218,2026-08-20,"19 Aug 2026, 05:30 AM IST"
4456319147,https://in.linkedin.com/jobs/view/senior-azure-data-engineer-at-metlife-4456319147,2026-08-20,"19 Aug 2026, 05:30 AM IST"
4455415974,https://in.linkedin.com/jobs/view/analyst-data-engineer-at-puma-energy-4455415974,2026-08-20,"19 Aug 2026, 05:30 AM IST"
4446220140,https://in.linkedin.com/jobs/view/gcp-data-engineer-lead-at-atos-4446220140,2026-08-20,"19 Aug 2026, 05:30 AM IST"
4455403939,https://in.linkedin.com/jobs/view/sr-specialist-data-engineering-at-colgate-palmolive-4455403939,2026-08-20,"19 Aug 2026, 05:30 AM IST"
4456340842,https://in.linkedin.com/jobs/view/data-engineer-at-flexiple-4456340842,2026-08-20,"19 Aug 2026, 05:30 AM IST"
4453461204,https://in.linkedin.com/jobs/view/sap-bw-bdc-developer-data-engineer-sap-data-bi-m-f-d-at-tech-data-apac%E2%80%8B-4453461204,2026-08-20,"19 Aug 2026, 05:30 AM IST"
4454125264,https://in.linkedin.com/jobs/view/data-engineer-at-barclays-4454125264,2026-08-21,"21 Aug 2026, 05:30 AM IST"
4438204158,https://in.linkedin.com/jobs/view/big-data-engineer-at-dunnhumby-4438204158,2026-08-21,"20 Aug 2026, 05:30 AM IST"
4456755557,https://in.linkedin.com/jobs/view/software-engineer-data-engineer-at-societe-generale-global-solution-centre-4456755557,2026-08-21,"20 Aug 2026, 05:30 AM IST"
4456769053,https://in.linkedin.com/jobs/view/fulltime-data-engineer-at-people-prime-worldwide-4456769053,2026-08-21,"20 Aug 2026, 05:30 AM IST"
4456708445,https://in.linkedin.com/jobs/view/senior-data-engineer-1-at-electrolux-group-4456708445,2026-08-21,"20 Aug 2026, 05:30 AM IST"
4456031379,https://in.linkedin.com/jobs/view/data-engineer-etl-extract-transform-load-job-at-yash-technologies-4456031379,2026-08-21,"20 Aug 2026, 05:30 AM IST"
4444580632,https://in.linkedin.com/jobs/view/sr-data-engineer-at-veradigm%C2%AE-4444580632,2026-08-21,"20 Aug 2026, 05:30 AM IST"
4456777594,https://in.linkedin.com/jobs/view/data-engineer-senior-ii-at-fedex-4456777594,2026-08-21,"20 Aug 2026, 05:30 AM IST"
4456009301,https://in.linkedin.com/jobs/view/data-engineer-2-at-cummins-india-4456009301,2026-08-21,"20 Aug 2026, 05:30 AM IST"
4456710080,https://in.linkedin.com/jobs/view/sr-advanced-data-engineer-at-honeywell-technologies-4456710080,2026-08-21,"20 Aug 2026, 05:30 AM IST"
4454130550,https://in.linkedin.com/jobs/view/sr-data-engineer-at-anblicks-4454130550,2026-08-21,"20 Aug 2026, 05:30 AM IST"
4454139283,https://in.linkedin.com/jobs/view/data-engineer-data-platforms-azure-at-ibm-4454139283,2026-08-21,"20 Aug 2026, 05:30 AM IST"
4450491629,https://in.linkedin.com/jobs/view/senior-data-engineer-at-wpp-media-4450491629,2026-08-21,"20 Aug 2026, 05:30 AM IST"
4446757103,https://in.linkedin.com/jobs/view/de-a-core-cloud-data-engineering-snowflake-data-engineering-at-zensar-technologies-4446757103,2026-08-21,"20 Aug 2026, 05:30 AM IST"
4454117560,https://in.linkedin.com/jobs/view/data-engineer-ii-at-mastercard-4454117560,2026-08-21,"20 Aug 2026, 05:30 AM IST"
4454122491,https://in.linkedin.com/jobs/view/lead-data-engineer-at-mastercard-4454122491,2026-08-21,"20 Aug 2026, 05:30 AM IST"
4457008456,https://in.linkedin.com/jobs/view/data-engineering-lead-at-optum-india-4457008456,2026-08-21,"20 Aug 2026, 05:30 AM IST"
4428712958,https://in.linkedin.com/jobs/view/bigdata-developer-at-citi-4428712958,2026-08-21,"20 Aug 2026, 05:30 AM IST"
4455696734,https://in.linkedin.com/jobs/view/sr-data-engineer-at-ascendion-4455696734,2026-08-21,"20 Aug 2026, 05:30 AM IST"
4367170890,https://in.linkedin.com/jobs/view/senior-data-engineer-fabric-and-databricks-at-orion-innovation-4367170890,2026-08-21,"20 Aug 2026, 05:30 AM IST"
4453857380,https://in.linkedin.com/jobs/view/ey-gds-consulting-ai-and-data-ai-data-platform-engineer-ai-data-platform-engineer-ms-fabric-at-ey-4453857380,2026-08-21,"20 Aug 2026, 05:30 AM IST"
4456770572,https://in.linkedin.com/jobs/view/bie-i-aop-row-central-data-engineer-team-at-amazon-4456770572,2026-08-21,"20 Aug 2026, 05:30 AM IST"
4454112460,https://in.linkedin.com/jobs/view/data-engineer-at-parable-associates-4454112460,2026-08-21,"20 Aug 2026, 05:30 AM IST"
4444173555,https://in.linkedin.com/jobs/view/senior-associate-data-engineering-l2-at-publicis-sapient-4444173555,2026-08-21,"20 Aug 2026, 05:30 AM IST"
4456780579,https://in.linkedin.com/jobs/view/data-engineer-i-prime-video-advertising-at-prime-video-amazon-mgm-studios-4456780579,2026-08-21,"20 Aug 2026, 05:30 AM IST"
4446427776,https://in.linkedin.com/jobs/view/senior-big-data-engineer-pyspark-databricks-vice-president-at-citi-4446427776,2026-08-21,"20 Aug 2026, 05:30 AM IST"
4456766623,https://in.linkedin.com/jobs/view/data-engineer-at-flexiple-4456766623,2026-08-21,"20 Aug 2026, 05:30 AM IST"
4457009435,https://in.linkedin.com/jobs/view/senior-data-engineering-consultant-snowflake-at-optum-india-4457009435,2026-08-21,"20 Aug 2026, 05:30 AM IST"
4456493836,https://in.linkedin.com/jobs/view/staff-data-engineer-at-visa-4456493836,2026-08-21,"20 Aug 2026, 05:30 AM IST"
4429777179,https://in.linkedin.com/jobs/view/ai-bi-data-engineer-offshore-at-milacron-4429777179,2026-08-21,"20 Aug 2026, 05:30 AM IST"
4455696781,https://in.linkedin.com/jobs/view/sr-data-engineer-at-ascendion-4455696781,2026-08-21,"20 Aug 2026, 05:30 AM IST"
4435571643,https://in.linkedin.com/jobs/view/director-data-engineering-at-blackrock-4435571643,2026-08-21,"20 Aug 2026, 05:30 AM IST"
4456053014,https://in.linkedin.com/jobs/view/data-engineer-1-at-cummins-india-4456053014,2026-08-21,"20 Aug 2026, 05:30 AM IST"
4428067055,https://in.linkedin.com/jobs/view/sr-analytics-engineer-data-warehouse-hybrid-bangalore-at-smartsheet-4428067055,2026-08-21,"20 Aug 2026, 05:30 AM IST"
4457019077,https://in.linkedin.com/jobs/view/lead-software-engineer-java-python-data-engineering-at-jpmorganchase-4457019077,2026-08-21,"20 Aug 2026, 05:30 AM IST"
4457089438,https://in.linkedin.com/jobs/view/data-engineer-ii-at-rebel-foods-4457089438,2026-08-21,"21 Aug 2026, 05:30 AM IST"
4456202381,https://in.linkedin.com/jobs/view/data-engineer-ii-india-irc302916-at-globallogic-4456202381,2026-08-21,"21 Aug 2026, 05:30 AM IST"
4456222053,https://in.linkedin.com/jobs/view/data-engineer-at-whitefield-careers-4456222053,2026-08-21,"21 Aug 2026, 05:30 AM IST"
4454601486,https://in.linkedin.com/jobs/view/data-engineer-ii-at-mastercard-4454601486,2026-08-21,"21 Aug 2026, 05:30 AM IST"
4457317608,https://in.linkedin.com/jobs/view/senior-data-engineer-india-at-ninjaone-4457317608,2026-08-21,"21 Aug 2026, 05:30 AM IST"
4457024683,https://in.linkedin.com/jobs/view/data-engineer-data-platforms-azure-at-hakk%C5%8Dda-an-ibm-company-4457024683,2026-08-21,"21 Aug 2026, 05:30 AM IST"
4456213935,https://in.linkedin.com/jobs/view/data-engineer-azure-databricks-at-tarento-group-4456213935,2026-08-21,"21 Aug 2026, 05:30 AM IST"
4419582286,https://in.linkedin.com/jobs/view/staff-data-engineer-at-earnin-4419582286,2026-08-21,"21 Aug 2026, 05:30 AM IST"
4457058799,https://in.linkedin.com/jobs/view/data-engineering-lead-at-optum-india-4457058799,2026-08-21,"21 Aug 2026, 05:30 AM IST"
4437304024,https://in.linkedin.com/jobs/view/snowflake-data-engineer-%E2%80%93-aws-consultant-at-infosys-4437304024,2026-08-21,"21 Aug 2026, 05:30 AM IST"
4454614030,https://in.linkedin.com/jobs/view/associate-engineer-data-engineer-at-harman-india-4454614030,2026-08-21,"21 Aug 2026, 05:30 AM IST"
4435479529,https://in.linkedin.com/jobs/view/software-engineer-etl-developer-with-python-at-gartner-4435479529,2026-08-21,"21 Aug 2026, 05:30 AM IST"
4456088964,https://in.linkedin.com/jobs/view/bigdata-engineer-at-ascendion-4456088964,2026-08-21,"21 Aug 2026, 05:30 AM IST"
4454631459,https://in.linkedin.com/jobs/view/data-engineer-microsoft-fabric-job-at-yash-technologies-middle-east-4454631459,2026-08-21,"21 Aug 2026, 05:30 AM IST"
4456210970,https://in.linkedin.com/jobs/view/data-engineer-microsoft-fabric-job-at-yash-technologies-4456210970,2026-08-21,"21 Aug 2026, 05:30 AM IST"
4438824350,https://in.linkedin.com/jobs/view/sr-data-engineer-at-solventum-4438824350,2026-08-22,"22 Aug 2026, 05:30 AM IST"
4409931505,https://in.linkedin.com/jobs/view/lead-databricks-data-engineer-at-qualcomm-4409931505,2026-08-22,"22 Aug 2026, 05:30 AM IST"
4360814221,https://in.linkedin.com/jobs/view/data-engineer-gcp-sql-biqquery-dataflow-pub-sub-logging-iam-at-ups-4360814221,2026-08-22,"22 Aug 2026, 05:30 AM IST"
4457809407,https://in.linkedin.com/jobs/view/data-engineer-at-find-data-science-jobs-4457809407,2026-08-22,"22 Aug 2026, 05:30 AM IST"
4457529756,https://in.linkedin.com/jobs/view/data-engineer-teradata-python-at-zingmind-technologies-4457529756,2026-08-22,"22 Aug 2026, 05:30 AM IST"
4389403100,https://in.linkedin.com/jobs/view/senior-data-engineer-i-quantumblack-ai-by-mckinsey-at-quantumblack-ai-by-mckinsey-4389403100,2026-08-22,"22 Aug 2026, 05:30 AM IST"
4387299334,https://in.linkedin.com/jobs/view/vp-snowflake-data-engineer-risk-technology-at-jefferies-4387299334,2026-08-22,"22 Aug 2026, 05:30 AM IST"
4447161155,https://in.linkedin.com/jobs/view/lead-data-engineer-t-t-at-mccormick-company-4447161155,2026-08-22,"22 Aug 2026, 05:30 AM IST"
4439045552,https://in.linkedin.com/jobs/view/database-engineering-associate-snowflake-developer-at-the-depository-trust-clearing-corporation-dtcc-4439045552,2026-08-22,"22 Aug 2026, 05:30 AM IST"
4454675058,https://in.linkedin.com/jobs/view/data-platform-instrument-lead-at-barclays-4454675058,2026-08-22,"22 Aug 2026, 05:30 AM IST"
4432769791,https://in.linkedin.com/jobs/view/lead-software-engineer-python-aws-sql-etl-at-factset-4432769791,2026-08-22,"22 Aug 2026, 05:30 AM IST"
4456609665,https://in.linkedin.com/jobs/view/specialist-data-engineering-at-vivantify-technology-solutions-india-pvt-ltd-4456609665,2026-08-22,"22 Aug 2026, 05:30 AM IST"
4456669009,https://in.linkedin.com/jobs/view/oracle-data-engineer-at-zigsaw-4456669009,2026-08-22,"22 Aug 2026, 05:30 AM IST"
4410737752,https://in.linkedin.com/jobs/view/data-engineer-ii-at-eclinical-solutions-4410737752,2026-08-22,"22 Aug 2026, 05:30 AM IST"
4419958019,https://in.linkedin.com/jobs/view/senior-data-architect-at-ryan-4419958019,2026-08-22,"22 Aug 2026, 05:30 AM IST"
4433976191,https://in.linkedin.com/jobs/view/fabric-data-engineer-senior-associate-at-pwc-acceleration-center-india-4433976191,2026-08-22,"22 Aug 2026, 05:30 AM IST"
4378155699,https://in.linkedin.com/jobs/view/senior-financial-data-engineer-at-birdeye-4378155699,2026-08-22,"22 Aug 2026, 05:30 AM IST"
4386918135,https://in.linkedin.com/jobs/view/lead-data-platform-engineer-at-calix-india-4386918135,2026-08-22,"22 Aug 2026, 05:30 AM IST"
4438347603,https://in.linkedin.com/jobs/view/technology-and-innovation-data-engineering-manager-at-riveron-india-4438347603,2026-08-22,"22 Aug 2026, 05:30 AM IST"
4429050348,https://in.linkedin.com/jobs/view/de-a-core-advanced-data-engineering-advanced-data-engineering-other-at-zensar-technologies-4429050348,2026-08-22,"22 Aug 2026, 05:30 AM IST"
4457561290,https://in.linkedin.com/jobs/view/software-engineer-human-data-platforms-at-hired-4457561290,2026-08-22,"22 Aug 2026, 05:30 AM IST"
4456622784,https://in.linkedin.com/jobs/view/data-architect-lead-systems-engineer-at-autozone-4456622784,2026-08-22,"22 Aug 2026, 05:30 AM IST"
4455040471,https://in.linkedin.com/jobs/view/data-platform-architect-at-taskus-4455040471,2026-08-22,"22 Aug 2026, 05:30 AM IST"
4457547640,https://in.linkedin.com/jobs/view/reflections-info-systems-power-bi-developer-etl-amp-data-integration-at-vista-info-systems-4457547640,2026-08-22,"22 Aug 2026, 05:30 AM IST"
4402120042,https://in.linkedin.com/jobs/view/enterprise-data-architect-at-phinia-4402120042,2026-08-22,"22 Aug 2026, 05:30 AM IST"
4364680641,https://in.linkedin.com/jobs/view/senior-teradata-developer-at-bnp-paribas-4364680641,2026-08-22,"22 Aug 2026, 05:30 AM IST"
4457522590,https://in.linkedin.com/jobs/view/senior-data-engineer-at-optum-india-4457522590,2026-08-22,"21 Aug 2026, 05:30 AM IST"
4417200250,https://in.linkedin.com/jobs/view/data-engineer-data-integration-at-ibm-4417200250,2026-08-22,"21 Aug 2026, 05:30 AM IST"
4417636080,https://in.linkedin.com/jobs/view/senior-data-engineer-at-kroll-4417636080,2026-08-22,"21 Aug 2026, 05:30 AM IST"
4442891674,https://in.linkedin.com/jobs/view/senior-data-engineer-at-oracle-4442891674,2026-08-22,"21 Aug 2026, 05:30 AM IST"
4456287603,https://in.linkedin.com/jobs/view/applications-developer-etl-pyspark-assistant-vice-president-at-citi-4456287603,2026-08-22,"21 Aug 2026, 05:30 AM IST"
4447159116,https://in.linkedin.com/jobs/view/azure-financial-reporting-data-engineer-1-at-atlas-copco-group-4447159116,2026-08-22,"21 Aug 2026, 05:30 AM IST"
4457389128,https://in.linkedin.com/jobs/view/data-engineer-at-flexiple-4457389128,2026-08-22,"21 Aug 2026, 05:30 AM IST"
4417630616,https://in.linkedin.com/jobs/view/senior-data-engineer-at-kroll-4417630616,2026-08-22,"21 Aug 2026, 05:30 AM IST"
4456257384,https://in.linkedin.com/jobs/view/de-a-etl-informatica-at-zensar-technologies-4456257384,2026-08-22,"21 Aug 2026, 05:30 AM IST"
4457523567,https://in.linkedin.com/jobs/view/senior-manager-data-engineering-at-optum-india-4457523567,2026-08-22,"21 Aug 2026, 05:30 AM IST"
4457507167,https://in.linkedin.com/jobs/view/sas-etl-developer-sas-dis-m8-4-906-at-cgi-4457507167,2026-08-22,"21 Aug 2026, 05:30 AM IST"
4456271266,https://in.linkedin.com/jobs/view/senior-database-engineer-at-grab-4456271266,2026-08-22,"21 Aug 2026, 05:30 AM IST"
4456283066,https://in.linkedin.com/jobs/view/azure-databricks-platform-admin-at-infosys-4456283066,2026-08-22,"21 Aug 2026, 05:30 AM IST"
4457854777,https://in.linkedin.com/jobs/view/data-engineer-at-fetchjobs-co-4457854777,2026-08-23,"23 Aug 2026, 05:30 AM IST"
4457875234,https://in.linkedin.com/jobs/view/software-engineer-human-data-platforms-at-hired-4457875234,2026-08-23,"23 Aug 2026, 05:30 AM IST"
4417627650,https://in.linkedin.com/jobs/view/senior-data-engineer-at-kroll-4417627650,2026-08-23,"22 Aug 2026, 05:30 AM IST"
4429966595,https://in.linkedin.com/jobs/view/senior-data-engineer-at-isa-4429966595,2026-08-23,"22 Aug 2026, 05:30 AM IST"
4457599515,https://in.linkedin.com/jobs/view/data-engineer-ii-at-find-data-science-jobs-4457599515,2026-08-23,"22 Aug 2026, 05:30 AM IST"
4445541461,https://in.linkedin.com/jobs/view/senior-data-engineer-at-mastercard-4445541461,2026-08-23,"22 Aug 2026, 05:30 AM IST"
4445541463,https://in.linkedin.com/jobs/view/principal-data-engineer-at-mastercard-4445541463,2026-08-23,"22 Aug 2026, 05:30 AM IST"
4447731745,https://in.linkedin.com/jobs/view/lead-data-engineer-at-jpmorganchase-4447731745,2026-08-23,"22 Aug 2026, 05:30 AM IST"
4456658034,https://in.linkedin.com/jobs/view/data-engineering-sr-associate-at-synechron-4456658034,2026-08-23,"22 Aug 2026, 05:30 AM IST"
4456673289,https://in.linkedin.com/jobs/view/data-engineering-sr-associate-at-calitii-4456673289,2026-08-23,"22 Aug 2026, 05:30 AM IST"
4447153370,https://in.linkedin.com/jobs/view/senior-data-engineer-t-t-at-mccormick-company-4447153370,2026-08-23,"22 Aug 2026, 05:30 AM IST"
4455055340,https://in.linkedin.com/jobs/view/ey-gds-consulting-ai-and-data-aws-data-engineer-manager-at-ey-4455055340,2026-08-23,"22 Aug 2026, 05:30 AM IST"
4457820841,https://in.linkedin.com/jobs/view/avp-senior-data-engineer-l11-at-synchrony-4457820841,2026-08-23,"22 Aug 2026, 05:30 AM IST"
4457865068,https://in.linkedin.com/jobs/view/data-engineer-at-flexiple-4457865068,2026-08-23,"22 Aug 2026, 05:30 AM IST"
4429324652,https://in.linkedin.com/jobs/view/senior-pyspark-developer-at-citi-4429324652,2026-08-23,"22 Aug 2026, 05:30 AM IST"
4430913797,https://in.linkedin.com/jobs/view/business-intelligence-data-analytics-engineer-snowflake-fivetran-tableau-at-model-n-4430913797,2026-08-23,"22 Aug 2026, 05:30 AM IST"
4430908244,https://in.linkedin.com/jobs/view/data-engineer-at-accendra-health-4430908244,2026-08-23,"22 Aug 2026, 05:30 AM IST"
4445539098,https://in.linkedin.com/jobs/view/fabric-data-engineering-manager-at-pwc-acceleration-center-india-4445539098,2026-08-23,"22 Aug 2026, 05:30 AM IST"
4430701288,https://in.linkedin.com/jobs/view/data-architect-sr-analyst-at-black-veatch-4430701288,2026-08-23,"22 Aug 2026, 05:30 AM IST"
4457892483,https://in.linkedin.com/jobs/view/senior-spark-pyspark-data-engineer-at-web-spiders-4457892483,2026-08-23,"23 Aug 2026, 05:30 AM IST"
4430957083,https://in.linkedin.com/jobs/view/data-engineer-with-scala-and-spark-pyspark-at-capco-4430957083,2026-08-23,"23 Aug 2026, 05:30 AM IST"
4457871284,https://in.linkedin.com/jobs/view/data-engineer-infrastructure-remote-at-quik-hire-staffing-4457871284,2026-08-23,"23 Aug 2026, 05:30 AM IST"
4457889246,https://in.linkedin.com/jobs/view/data-engineer-i-remote-at-quik-hire-staffing-4457889246,2026-08-23,"23 Aug 2026, 05:30 AM IST"
4457852981,https://in.linkedin.com/jobs/view/deltacubes-generative-ai-engineer-at-de-4457852981,2026-08-23,"23 Aug 2026, 05:30 AM IST"
4457899074,https://in.linkedin.com/jobs/view/data-engineer-at-find-data-science-jobs-4457899074,2026-08-23,"23 Aug 2026, 05:30 AM IST"
4458107040,https://in.linkedin.com/jobs/view/data-engineer-ii-at-find-data-science-jobs-4458107040,2026-08-23,"23 Aug 2026, 05:30 AM IST"
4428525663,https://in.linkedin.com/jobs/view/aws-data-engineer-at-itc-infotech-4428525663,2026-08-23,"23 Aug 2026, 05:30 AM IST"
4456816298,https://in.linkedin.com/jobs/view/senior-software-engineer-data-engineer-at-maropost-4456816298,2026-08-23,"23 Aug 2026, 05:30 AM IST"
4457876840,https://in.linkedin.com/jobs/view/senior-data-architect-%E2%80%93-aws-databricks-modernization-at-eli-lilly-and-company-4457876840,2026-08-23,"23 Aug 2026, 05:30 AM IST"
4417624039,https://in.linkedin.com/jobs/view/lead-data-platform-engineer-at-gen-4417624039,2026-08-23,"23 Aug 2026, 05:30 AM IST"
4364019983,https://in.linkedin.com/jobs/view/it-d-data-engineering-senior-manager-at-reckitt-4364019983,2026-08-23,"23 Aug 2026, 05:30 AM IST"
4458149569,https://in.linkedin.com/jobs/view/data-engineer-i-remote-at-quik-hire-staffing-4458149569,2026-08-24,"24 Aug 2026, 05:30 AM IST"
4456858126,https://in.linkedin.com/jobs/view/contractor-pyspark-engineer-at-vivantify-technology-solutions-india-pvt-ltd-4456858126,2026-08-24,"24 Aug 2026, 05:30 AM IST"
4458142801,https://in.linkedin.com/jobs/view/software-engineer-human-data-platforms-at-hired-4458142801,2026-08-24,"24 Aug 2026, 05:30 AM IST"
4458154065,https://in.linkedin.com/jobs/view/data-engineer-at-rockwell-automation-4458154065,2026-08-24,"23 Aug 2026, 05:30 AM IST"
4419020336,https://in.linkedin.com/jobs/view/senior-data-engineer-gt-hc-tech-mmh260527-10-at-momentum-services-4419020336,2026-08-24,"23 Aug 2026, 05:30 AM IST"
4458100945,https://in.linkedin.com/jobs/view/azure-lead-data-engineer-at-qnity-4458100945,2026-08-24,"23 Aug 2026, 05:30 AM IST"
4458156065,https://in.linkedin.com/jobs/view/data-engineer-at-rockwell-automation-4458156065,2026-08-24,"23 Aug 2026, 05:30 AM IST"
4310944449,https://in.linkedin.com/jobs/view/principal-data-engineer-irc276334-at-globallogic-4310944449,2026-08-24,"23 Aug 2026, 05:30 AM IST"
4447853814,https://in.linkedin.com/jobs/view/sr-data-engineer-at-numerator-4447853814,2026-08-24,"23 Aug 2026, 05:30 AM IST"
4458111736,https://in.linkedin.com/jobs/view/data-engineer-at-flexiple-4458111736,2026-08-24,"23 Aug 2026, 05:30 AM IST"
4438343701,https://in.linkedin.com/jobs/view/senior-advanced-data-engineer-at-cotality-4438343701,2026-08-24,"23 Aug 2026, 05:30 AM IST"
4430956042,https://in.linkedin.com/jobs/view/senior-data-engineer-palantir-at-accendra-health-4430956042,2026-08-24,"23 Aug 2026, 05:30 AM IST"
4222835918,https://in.linkedin.com/jobs/view/lead-it-architect-data-architect-platinion-at-boston-consulting-group-bcg-4222835918,2026-08-24,"23 Aug 2026, 05:30 AM IST"
4456866748,https://in.linkedin.com/jobs/view/data-engineer-specialist-data-analytics-analytics-data-engineering-at-google-operations-center-4456866748,2026-08-24,"24 Aug 2026, 05:30 AM IST"
4458192066,https://in.linkedin.com/jobs/view/data-engineer-at-cisco-4458192066,2026-08-24,"24 Aug 2026, 05:30 AM IST"
4456859490,https://in.linkedin.com/jobs/view/sr-data-engineer-at-standard-chartered-india-4456859490,2026-08-24,"24 Aug 2026, 05:30 AM IST"
4458188104,https://in.linkedin.com/jobs/view/data-engineer-at-cisco-4458188104,2026-08-24,"24 Aug 2026, 05:30 AM IST"
4458190277,https://in.linkedin.com/jobs/view/data-engineer-at-capgemini-4458190277,2026-08-24,"24 Aug 2026, 05:30 AM IST"
4458165055,https://in.linkedin.com/jobs/view/senior-data-engineer-%E2%80%93-gcp-at-willware-technologies-4458165055,2026-08-24,"24 Aug 2026, 05:30 AM IST"
4455861369,https://in.linkedin.com/jobs/view/data-engineer-iot-intelligence-%2B-etl-pipelines-at-digitalpaani-4455861369,2026-08-24,"24 Aug 2026, 05:30 AM IST"
4456882275,https://in.linkedin.com/jobs/view/senior-data-engineer-at-dsv-global-transport-and-logistics-4456882275,2026-08-24,"24 Aug 2026, 05:30 AM IST"
4438973135,https://in.linkedin.com/jobs/view/aws-data-engineer-at-infosys-4438973135,2026-08-24,"24 Aug 2026, 05:30 AM IST"
4458185358,https://in.linkedin.com/jobs/view/data-engineer-at-rockwell-automation-4458185358,2026-08-24,"24 Aug 2026, 05:30 AM IST"
4456866770,https://in.linkedin.com/jobs/view/senior-data-engineer-at-skan-ai-4456866770,2026-08-24,"24 Aug 2026, 05:30 AM IST"
4456842903,https://in.linkedin.com/jobs/view/senior-databricks-engineer-at-chubb-fire-security-4456842903,2026-08-24,"24 Aug 2026, 05:30 AM IST"
4455843535,https://in.linkedin.com/jobs/view/lead-ii-data-engineering-at-ust-4455843535,2026-08-24,"24 Aug 2026, 05:30 AM IST"
4456848365,https://in.linkedin.com/jobs/view/senior-data-engineer-at-devrev-4456848365,2026-08-24,"24 Aug 2026, 05:30 AM IST"
4455826920,https://in.linkedin.com/jobs/view/lead-engineer-databricks-at-happiest-minds-technologies-4455826920,2026-08-24,"24 Aug 2026, 05:30 AM IST"
4456844791,https://in.linkedin.com/jobs/view/module-lead-azure-databricks-job-at-yash-technologies-4456844791,2026-08-24,"24 Aug 2026, 05:30 AM IST"
4458189053,https://in.linkedin.com/jobs/view/data-engineer-voice-video-at-shuru-4458189053,2026-08-24,"24 Aug 2026, 05:30 AM IST"
4456877826,https://in.linkedin.com/jobs/view/data-engineer-junior-at-encardio-rite-4456877826,2026-08-24,"24 Aug 2026, 05:30 AM IST"
4456882096,https://in.linkedin.com/jobs/view/principal-data-engineer-at-amadeus-4456882096,2026-08-24,"24 Aug 2026, 05:30 AM IST"
4456861132,https://in.linkedin.com/jobs/view/contractor-pyspark-engineer-at-vivantify-technology-solutions-india-pvt-ltd-4456861132,2026-08-24,"24 Aug 2026, 05:30 AM IST"
4458215193,https://in.linkedin.com/jobs/view/data-engineer-sr-advisor-at-ntt-data-north-america-4458215193,2026-08-24,"24 Aug 2026, 05:30 AM IST"
4455843823,https://in.linkedin.com/jobs/view/data-engineer-manager-at-pwc-acceleration-center-india-4455843823,2026-08-24,"24 Aug 2026, 05:30 AM IST"
4388865434,https://in.linkedin.com/jobs/view/lead-ii-data-engineering-at-ust-4388865434,2026-08-24,"24 Aug 2026, 05:30 AM IST"
4455892134,https://in.linkedin.com/jobs/view/analytics-engineer-analyst-at-huron-4455892134,2026-08-24,"24 Aug 2026, 05:30 AM IST"
4378964362,https://in.linkedin.com/jobs/view/principal-data-engineer-at-cargill-4378964362,2026-08-24,"23 Aug 2026, 05:30 AM IST"
4456857574,https://in.linkedin.com/jobs/view/associate-azure-data-engineer-remote-work-at-techolution-4456857574,2026-08-25,"24 Aug 2026, 05:30 AM IST"
4458541374,https://in.linkedin.com/jobs/view/data-engineer-ii-fire-tv-at-amazon-4458541374,2026-08-25,"25 Aug 2026, 05:30 AM IST"
4458555153,https://in.linkedin.com/jobs/view/data-engineer-at-xml-international-4458555153,2026-08-25,"25 Aug 2026, 05:30 AM IST"
4456527342,https://in.linkedin.com/jobs/view/data-engineer-at-barclays-4456527342,2026-08-25,"25 Aug 2026, 05:30 AM IST"
4458588226,https://in.linkedin.com/jobs/view/data-engineer-iii-at-jpmorganchase-4458588226,2026-08-25,"25 Aug 2026, 05:30 AM IST"
4456896145,https://in.linkedin.com/jobs/view/data-engineer-iii-at-pearson-4456896145,2026-08-25,"24 Aug 2026, 05:30 AM IST"
4456891393,https://in.linkedin.com/jobs/view/data-engineer-iii-at-pearson-4456891393,2026-08-25,"24 Aug 2026, 05:30 AM IST"
4458196601,https://in.linkedin.com/jobs/view/data-engineer-conversational-shopping-data-engineering-at-amazon-4458196601,2026-08-25,"24 Aug 2026, 05:30 AM IST"
4448150602,https://in.linkedin.com/jobs/view/sr-data-engineer-at-illumina-4448150602,2026-08-25,"24 Aug 2026, 05:30 AM IST"
4455899334,https://in.linkedin.com/jobs/view/data-engineer-ii-at-mastercard-4455899334,2026-08-25,"24 Aug 2026, 05:30 AM IST"
4458500501,https://in.linkedin.com/jobs/view/azure-data-engineer-at-cgi-4458500501,2026-08-25,"24 Aug 2026, 05:30 AM IST"
4456873692,https://in.linkedin.com/jobs/view/data-engineer-at-brevan-howard-4456873692,2026-08-25,"24 Aug 2026, 05:30 AM IST"
4456839605,https://in.linkedin.com/jobs/view/data-engineer-at-digital-edge-dc-4456839605,2026-08-25,"24 Aug 2026, 05:30 AM IST"
4458270388,https://in.linkedin.com/jobs/view/data-engineer-at-fidelity-international-4458270388,2026-08-25,"24 Aug 2026, 05:30 AM IST"
4458235861,https://in.linkedin.com/jobs/view/data-engineering-developer-assistant-manager-at-state-street-4458235861,2026-08-25,"24 Aug 2026, 05:30 AM IST"
4449626937,https://in.linkedin.com/jobs/view/sr-data-engineer-at-amgen-4449626937,2026-08-25,"24 Aug 2026, 05:30 AM IST"
4458506366,https://in.linkedin.com/jobs/view/senior-data-engineer-databricks-snowflake-at-optum-india-4458506366,2026-08-25,"24 Aug 2026, 05:30 AM IST"
4456897792,https://in.linkedin.com/jobs/view/sr-data-engineer-consultant-at-minfy-4456897792,2026-08-25,"24 Aug 2026, 05:30 AM IST"
4447909526,https://in.linkedin.com/jobs/view/technical-lead-azure-data-engg-at-birlasoft-4447909526,2026-08-25,"24 Aug 2026, 05:30 AM IST"
4458236492,https://in.linkedin.com/jobs/view/senior-software-engineer-data-engineering-adtech-team-bangalore-at-warner-bros-discovery-4458236492,2026-08-25,"24 Aug 2026, 05:30 AM IST"
4458257676,https://in.linkedin.com/jobs/view/data-engineer-at-flexiple-4458257676,2026-08-25,"24 Aug 2026, 05:30 AM IST"
4455858735,https://in.linkedin.com/jobs/view/data-engineer-senior-associate-at-pwc-acceleration-center-india-4455858735,2026-08-25,"24 Aug 2026, 05:30 AM IST"
4456891391,https://in.linkedin.com/jobs/view/data-engineer-lead%E2%80%93-microsoft-fabric-at-iitjobs-inc-4456891391,2026-08-25,"24 Aug 2026, 05:30 AM IST"
4456512872,https://in.linkedin.com/jobs/view/principal-cloud-data-platform-engineer-at-northern-trust-4456512872,2026-08-25,"24 Aug 2026, 05:30 AM IST"
4447904676,https://in.linkedin.com/jobs/view/data-engineer-lbc-at-liebherr-tower-cranes-4447904676,2026-08-25,"24 Aug 2026, 05:30 AM IST"
4400401182,https://in.linkedin.com/jobs/view/aws-azure-databricks-%2B-ai-%2B-agentic-ai%2B-python-senior-associate-at-pwc-acceleration-center-india-4400401182,2026-08-25,"24 Aug 2026, 05:30 AM IST"
4457167824,https://in.linkedin.com/jobs/view/java-pyspark-bigdata-developer-at-citi-4457167824,2026-08-25,"24 Aug 2026, 05:30 AM IST"
4458226056,https://in.linkedin.com/jobs/view/data-engineer-senior-consultant-at-ntt-data-north-america-4458226056,2026-08-25,"24 Aug 2026, 05:30 AM IST"
4458222853,https://in.linkedin.com/jobs/view/founding-data-engineer-onsite-mumbai-at-uplers-4458222853,2026-08-25,"24 Aug 2026, 05:30 AM IST"
4457487483,https://in.linkedin.com/jobs/view/data-engineer-azure-data-lake-adl-job-at-yash-technologies-4457487483,2026-08-25,"25 Aug 2026, 05:30 AM IST"
4456932116,https://in.linkedin.com/jobs/view/data-engineer-azure-data-lake-adl-job-at-yash-technologies-middle-east-4456932116,2026-08-25,"25 Aug 2026, 05:30 AM IST"
4448501160,https://in.linkedin.com/jobs/view/azure-databricks-lead-at-birlasoft-4448501160,2026-08-25,"25 Aug 2026, 05:30 AM IST"
4457441768,https://in.linkedin.com/jobs/view/data-engineer-at-transunion-4457441768,2026-08-25,"25 Aug 2026, 05:30 AM IST"
4458741283,https://in.linkedin.com/jobs/view/data-engineering-at-capgemini-4458741283,2026-08-25,"25 Aug 2026, 05:30 AM IST"
4457433195,https://in.linkedin.com/jobs/view/data-engineer-at-opengov-inc-4457433195,2026-08-25,"25 Aug 2026, 05:30 AM IST"
4456904000,https://in.linkedin.com/jobs/view/data-engineer-data-platforms-google-at-ibm-4456904000,2026-08-25,"25 Aug 2026, 05:30 AM IST"
4457468681,https://in.linkedin.com/jobs/view/data-etl-engineer-at-ascendion-4457468681,2026-08-25,"25 Aug 2026, 05:30 AM IST"
4456597051,https://in.linkedin.com/jobs/view/data-engineer-data-platforms-aws-at-ibm-4456597051,2026-08-25,"25 Aug 2026, 05:30 AM IST"
4456932039,https://in.linkedin.com/jobs/view/senior-data-engineer-at-milestone-technologies-inc-4456932039,2026-08-25,"25 Aug 2026, 05:30 AM IST"
4458586853,https://in.linkedin.com/jobs/view/lead-data-engineer-at-minfy-4458586853,2026-08-25,"25 Aug 2026, 05:30 AM IST"
4458579766,https://in.linkedin.com/jobs/view/data-engineer-at-minfy-4458579766,2026-08-25,"25 Aug 2026, 05:30 AM IST"
4437286390,https://in.linkedin.com/jobs/view/data-engineer-python-aiml-data-retrieval-augmentation-at-virtusa-4437286390,2026-08-25,"25 Aug 2026, 05:30 AM IST"
4458707500,https://in.linkedin.com/jobs/view/senior-data-engineer-m-f-d-at-assent-4458707500,2026-08-25,"25 Aug 2026, 05:30 AM IST"
4457455826,https://in.linkedin.com/jobs/view/data-engineer-senior-2-at-cummins-india-4457455826,2026-08-25,"25 Aug 2026, 05:30 AM IST"
4457454807,https://in.linkedin.com/jobs/view/data-engineer-8-at-cummins-india-4457454807,2026-08-25,"25 Aug 2026, 05:30 AM IST"
4457441870,https://in.linkedin.com/jobs/view/data-engineer-senior-3-at-cummins-india-4457441870,2026-08-25,"25 Aug 2026, 05:30 AM IST"
4457460768,https://in.linkedin.com/jobs/view/data-engineer-9-at-cummins-india-4457460768,2026-08-25,"25 Aug 2026, 05:30 AM IST"
4457441872,https://in.linkedin.com/jobs/view/data-engineer-senior-4-at-cummins-india-4457441872,2026-08-25,"25 Aug 2026, 05:30 AM IST"
4457115034,https://in.linkedin.com/jobs/view/snowflake-python-data-engineer-at-calitii-4457115034,2026-08-25,"24 Aug 2026, 05:30 AM IST"
4457152785,https://in.linkedin.com/jobs/view/snowflake-python-data-engineer-at-synechron-4457152785,2026-08-25,"24 Aug 2026, 05:30 AM IST"
4457435258,https://in.linkedin.com/jobs/view/senior-data-engineer-at-evnek-4457435258,2026-08-25,"24 Aug 2026, 05:30 AM IST"
4458779765,https://in.linkedin.com/jobs/view/data-engineer-at-hp-4458779765,2026-08-26,"25 Aug 2026, 05:30 AM IST"
4459011374,https://in.linkedin.com/jobs/view/advanced-data-engineer-at-honeywell-aerospace-4459011374,2026-08-26,"25 Aug 2026, 05:30 AM IST"
4456938925,https://in.linkedin.com/jobs/view/data-engineer-at-wpp-4456938925,2026-08-26,"25 Aug 2026, 05:30 AM IST"
4458729702,https://in.linkedin.com/jobs/view/data-engineer-at-synmatch-ai-4458729702,2026-08-26,"25 Aug 2026, 05:30 AM IST"
4456926636,https://in.linkedin.com/jobs/view/senior-data-engineer-enterprise-data-delivery-at-ralph-lauren-4456926636,2026-08-26,"25 Aug 2026, 05:30 AM IST"
4457443885,https://in.linkedin.com/jobs/view/data-engineer-senior-1-at-cummins-india-4457443885,2026-08-26,"25 Aug 2026, 05:30 AM IST"
4457482513,https://in.linkedin.com/jobs/view/data-engineer-azure-data-lake-adl-job-at-yash-technologies-4457482513,2026-08-26,"25 Aug 2026, 05:30 AM IST"
4446221366,https://in.linkedin.com/jobs/view/member-technical-staff-ii-data-engineer-%2Bbackend-at-nielsen-4446221366,2026-08-26,"25 Aug 2026, 05:30 AM IST"
4446631628,https://in.linkedin.com/jobs/view/lead-expert-data-engineer-procurement-at-dsm-firmenich-4446631628,2026-08-26,"25 Aug 2026, 05:30 AM IST"
4458730725,https://in.linkedin.com/jobs/view/bi-big-data-developer-ii-at-ncr-voyix-4458730725,2026-08-26,"25 Aug 2026, 05:30 AM IST"
4457443889,https://in.linkedin.com/jobs/view/data-engineer-10-at-cummins-india-4457443889,2026-08-26,"25 Aug 2026, 05:30 AM IST"
4457226076,https://in.linkedin.com/jobs/view/data-engineer-data-platforms-google-at-ibm-4457226076,2026-08-26,"26 Aug 2026, 05:30 AM IST"
4457266046,https://in.linkedin.com/jobs/view/data-engineer-migration-at-verdantas-4457266046,2026-08-26,"26 Aug 2026, 05:30 AM IST"
4457965082,https://in.linkedin.com/jobs/view/data-engineer-at-glencore-4457965082,2026-08-26,"26 Aug 2026, 05:30 AM IST"
4457222680,https://in.linkedin.com/jobs/view/data-engineer-i-data-engineering-at-cencora-4457222680,2026-08-26,"26 Aug 2026, 05:30 AM IST"
4459171691,https://in.linkedin.com/jobs/view/data-engineer-leasetech-at-amazon-4459171691,2026-08-26,"26 Aug 2026, 05:30 AM IST"
4459118683,https://in.linkedin.com/jobs/view/data-engineer-senior-ii-at-fedex-4459118683,2026-08-26,"26 Aug 2026, 05:30 AM IST"
4457246469,https://in.linkedin.com/jobs/view/senior-data-engineer-1-at-metayb-4457246469,2026-08-26,"26 Aug 2026, 05:30 AM IST"
4457952115,https://in.linkedin.com/jobs/view/data-engineer-talend-at-acs-international-india-pvt-ltd-acsii-4457952115,2026-08-26,"26 Aug 2026, 05:30 AM IST"
4459124117,https://in.linkedin.com/jobs/view/senior-data-engineer-at-snowflake-4459124117,2026-08-26,"26 Aug 2026, 05:30 AM IST"
4457692999,https://in.linkedin.com/jobs/view/data-engineer-iii-at-rx-global-4457692999,2026-08-26,"26 Aug 2026, 05:30 AM IST"
4457696273,https://in.linkedin.com/jobs/view/data-engineer-senior-ii-at-fedex-acc-4457696273,2026-08-26,"26 Aug 2026, 05:30 AM IST"
4459090074,https://in.linkedin.com/jobs/view/data-engineer-ii-compliance-shared-services-risc-at-amazon-4459090074,2026-08-26,"26 Aug 2026, 05:30 AM IST"
4457950031,https://in.linkedin.com/jobs/view/azure-data-engineer-at-harjai-technologies-4457950031,2026-08-26,"26 Aug 2026, 05:30 AM IST"
4457225479,https://in.linkedin.com/jobs/view/data-engineer-data-platforms-google-at-ibm-4457225479,2026-08-26,"26 Aug 2026, 05:30 AM IST"
4457226075,https://in.linkedin.com/jobs/view/data-engineer-data-platforms-google-at-ibm-4457226075,2026-08-26,"26 Aug 2026, 05:30 AM IST"
4457218089,https://in.linkedin.com/jobs/view/data-engineer-data-platforms-snowflake-at-ibm-4457218089,2026-08-26,"26 Aug 2026, 05:30 AM IST"
4457219485,https://in.linkedin.com/jobs/view/data-engineer-data-platforms-aws-at-ibm-4457219485,2026-08-26,"26 Aug 2026, 05:30 AM IST"
4457223018,https://in.linkedin.com/jobs/view/data-engineer-data-platforms-aws-at-ibm-4457223018,2026-08-26,"26 Aug 2026, 05:30 AM IST"
4457219016,https://in.linkedin.com/jobs/view/data-engineer-data-platforms-azure-at-ibm-4457219016,2026-08-26,"26 Aug 2026, 05:30 AM IST"
4457233483,https://in.linkedin.com/jobs/view/data-engineer-data-platforms-google-at-ibm-4457233483,2026-08-26,"26 Aug 2026, 05:30 AM IST"
4457218092,https://in.linkedin.com/jobs/view/data-engineer-data-integration-at-ibm-4457218092,2026-08-26,"26 Aug 2026, 05:30 AM IST"
4457230481,https://in.linkedin.com/jobs/view/data-engineer-data-integration-at-ibm-4457230481,2026-08-26,"26 Aug 2026, 05:30 AM IST"
4459002515,https://in.linkedin.com/jobs/view/data-engineer-ii-snowflake-and-dbt-at-first-citizens-india-4459002515,2026-08-26,"25 Aug 2026, 05:30 AM IST"
4456951264,https://in.linkedin.com/jobs/view/senior-data-engineer-at-parable-associates-4456951264,2026-08-26,"25 Aug 2026, 05:30 AM IST"
4457610252,https://in.linkedin.com/jobs/view/data-engineer-python-ai-assistant-vice-president-at-citi-4457610252,2026-08-26,"25 Aug 2026, 05:30 AM IST"
4446255510,https://in.linkedin.com/jobs/view/data-engineer-data-platforms-google-at-ibm-4446255510,2026-08-26,"25 Aug 2026, 05:30 AM IST"
4446246612,https://in.linkedin.com/jobs/view/data-engineer-data-platforms-aws-at-ibm-4446246612,2026-08-26,"25 Aug 2026, 05:30 AM IST"
4446256362,https://in.linkedin.com/jobs/view/data-engineer-data-platforms-google-at-ibm-4446256362,2026-08-26,"25 Aug 2026, 05:30 AM IST"
4446237838,https://in.linkedin.com/jobs/view/data-engineer-data-platforms-google-at-ibm-4446237838,2026-08-26,"25 Aug 2026, 05:30 AM IST"
4446238729,https://in.linkedin.com/jobs/view/data-engineer-data-platforms-google-at-ibm-4446238729,2026-08-26,"25 Aug 2026, 05:30 AM IST"
4446253621,https://in.linkedin.com/jobs/view/data-engineer-data-platforms-google-at-ibm-4446253621,2026-08-26,"25 Aug 2026, 05:30 AM IST"
4446242719,https://in.linkedin.com/jobs/view/data-engineer-data-platforms-snowflake-at-ibm-4446242719,2026-08-26,"25 Aug 2026, 05:30 AM IST"
4446252584,https://in.linkedin.com/jobs/view/data-engineer-data-platforms-snowflake-at-ibm-4446252584,2026-08-26,"25 Aug 2026, 05:30 AM IST"
4446251647,https://in.linkedin.com/jobs/view/data-engineer-data-platforms-aws-at-ibm-4446251647,2026-08-26,"25 Aug 2026, 05:30 AM IST"
4446238720,https://in.linkedin.com/jobs/view/data-engineer-data-platforms-snowflake-at-ibm-4446238720,2026-08-26,"25 Aug 2026, 05:30 AM IST"
4446238776,https://in.linkedin.com/jobs/view/data-engineer-data-platforms-aws-at-ibm-4446238776,2026-08-26,"25 Aug 2026, 05:30 AM IST"
4446246605,https://in.linkedin.com/jobs/view/data-engineer-data-platforms-azure-at-ibm-4446246605,2026-08-26,"25 Aug 2026, 05:30 AM IST"
4446241767,https://in.linkedin.com/jobs/view/data-engineer-data-platforms-snowflake-at-ibm-4446241767,2026-08-26,"25 Aug 2026, 05:30 AM IST"
4446250619,https://in.linkedin.com/jobs/view/data-engineer-data-platforms-snowflake-at-ibm-4446250619,2026-08-26,"25 Aug 2026, 05:30 AM IST"
4446244726,https://in.linkedin.com/jobs/view/data-engineer-data-platforms-aws-at-ibm-4446244726,2026-08-26,"25 Aug 2026, 05:30 AM IST"
4446233860,https://in.linkedin.com/jobs/view/data-engineer-data-platforms-aws-at-ibm-4446233860,2026-08-26,"25 Aug 2026, 05:30 AM IST"
4446257392,https://in.linkedin.com/jobs/view/data-engineer-data-platforms-aws-at-ibm-4446257392,2026-08-26,"25 Aug 2026, 05:30 AM IST"
4446246648,https://in.linkedin.com/jobs/view/data-engineer-data-platforms-aws-at-ibm-4446246648,2026-08-26,"25 Aug 2026, 05:30 AM IST"
4446250556,https://in.linkedin.com/jobs/view/data-engineer-data-integration-at-ibm-4446250556,2026-08-26,"25 Aug 2026, 05:30 AM IST"
4446249644,https://in.linkedin.com/jobs/view/data-engineer-data-platforms-azure-at-ibm-4446249644,2026-08-26,"25 Aug 2026, 05:30 AM IST"
4446255500,https://in.linkedin.com/jobs/view/data-engineer-data-platforms-azure-at-ibm-4446255500,2026-08-26,"25 Aug 2026, 05:30 AM IST"
4446254485,https://in.linkedin.com/jobs/view/data-engineer-data-platforms-azure-at-ibm-4446254485,2026-08-26,"25 Aug 2026, 05:30 AM IST"
4446241776,https://in.linkedin.com/jobs/view/data-engineer-data-integration-at-ibm-4446241776,2026-08-26,"25 Aug 2026, 05:30 AM IST"
4446237881,https://in.linkedin.com/jobs/view/data-engineer-data-integration-at-ibm-4446237881,2026-08-26,"25 Aug 2026, 05:30 AM IST"
4446254533,https://in.linkedin.com/jobs/view/data-engineer-data-integration-at-ibm-4446254533,2026-08-26,"25 Aug 2026, 05:30 AM IST"
4446248574,https://in.linkedin.com/jobs/view/data-engineer-data-integration-at-ibm-4446248574,2026-08-26,"25 Aug 2026, 05:30 AM IST"
4446245699,https://in.linkedin.com/jobs/view/data-engineer-data-integration-at-ibm-4446245699,2026-08-26,"25 Aug 2026, 05:30 AM IST"
4446238735,https://in.linkedin.com/jobs/view/data-engineer-data-integration-at-ibm-4446238735,2026-08-26,"25 Aug 2026, 05:30 AM IST"
4446247543,https://in.linkedin.com/jobs/view/data-engineer-data-platforms-azure-at-ibm-4446247543,2026-08-26,"25 Aug 2026, 05:30 AM IST"
4446254492,https://in.linkedin.com/jobs/view/data-engineer-data-platforms-azure-at-ibm-4446254492,2026-08-26,"25 Aug 2026, 05:30 AM IST"
4446246626,https://in.linkedin.com/jobs/view/data-engineer-data-platforms-azure-at-ibm-4446246626,2026-08-26,"25 Aug 2026, 05:30 AM IST"
4457758152,https://in.linkedin.com/jobs/view/data-engineer-at-bahwan-cybertek-4457758152,2026-08-27,"27 Aug 2026, 05:30 AM IST"
4459657865,https://in.linkedin.com/jobs/view/data-engineer-at-compoundexpress-4459657865,2026-08-27,"27 Aug 2026, 05:30 AM IST"
4457760623,https://in.linkedin.com/jobs/view/data-engineer-at-saven-technologies-4457760623,2026-08-27,"27 Aug 2026, 05:30 AM IST"
4458386074,https://in.linkedin.com/jobs/view/senior-data-engineer-at-hackerone-4458386074,2026-08-27,"27 Aug 2026, 05:30 AM IST"
4459676796,https://in.linkedin.com/jobs/view/data-engineer-at-wells-fargo-4459676796,2026-08-27,"27 Aug 2026, 05:30 AM IST"
4448099494,https://in.linkedin.com/jobs/view/data-engineer-with-gcp-at-virtusa-4448099494,2026-08-27,"27 Aug 2026, 05:30 AM IST"
4458619484,https://in.linkedin.com/jobs/view/esp-security-data-engineer-at-ey-4458619484,2026-08-27,"27 Aug 2026, 05:30 AM IST"
4459659765,https://in.linkedin.com/jobs/view/lead-data-engineer-at-nxp-semiconductors-4459659765,2026-08-27,"27 Aug 2026, 05:30 AM IST"
4448048031,https://in.linkedin.com/jobs/view/data-engineer-sql-pyspark-snowflake-dbt-redshift-avp-vp-at-kkr-4448048031,2026-08-27,"27 Aug 2026, 05:30 AM IST"
4459632525,https://in.linkedin.com/jobs/view/azure-data-engineer-at-netconnectglobal-4459632525,2026-08-27,"27 Aug 2026, 05:30 AM IST"
4457751762,https://in.linkedin.com/jobs/view/data-engineer-azure-databricks-senior-associate-at-pwc-acceleration-center-india-4457751762,2026-08-27,"27 Aug 2026, 05:30 AM IST"
4459683612,https://in.linkedin.com/jobs/view/senior-data-engineer-%E2%80%93-big-data-streaming-platforms-java-scala-or-python-spark-kafka-flink-iceberg-lakehouse-trino-8-to-12-years-at-cisco-4459683612,2026-08-27,"27 Aug 2026, 05:30 AM IST"
4458369550,https://in.linkedin.com/jobs/view/assistant-vice-president-senior-data-engineer-at-oaktree-4458369550,2026-08-27,"27 Aug 2026, 05:30 AM IST"
4444157221,https://in.linkedin.com/jobs/view/software-engineer-iii-python-c%23-aws-snowflake-databricks-and-or-go-at-factset-4444157221,2026-08-27,"27 Aug 2026, 05:30 AM IST"
4459815103,https://in.linkedin.com/jobs/view/gcp-data-engineer-at-tatvic-%C2%AE-4459815103,2026-08-27,"27 Aug 2026, 05:30 AM IST"
4459645863,https://in.linkedin.com/jobs/view/senior-lead-data-engineering-at-famu-national-alumni-association-4459645863,2026-08-27,"27 Aug 2026, 05:30 AM IST"
4449904845,https://in.linkedin.com/jobs/view/software-engineer-iii-data-lake-at-jpmorganchase-4449904845,2026-08-27,"27 Aug 2026, 05:30 AM IST"
4459617493,https://in.linkedin.com/jobs/view/data-engineer-at-alten-india-4459617493,2026-08-27,"27 Aug 2026, 05:30 AM IST"
4458384394,https://in.linkedin.com/jobs/view/oracle-data-engineer-at-zigsaw-4458384394,2026-08-27,"27 Aug 2026, 05:30 AM IST"
4459619703,https://in.linkedin.com/jobs/view/lead-data-engineer-aws-azure-databricks-at-netconnectglobal-4459619703,2026-08-27,"27 Aug 2026, 05:30 AM IST"
4401602479,https://in.linkedin.com/jobs/view/senior-principal-data-engineer-at-gen-4401602479,2026-08-27,"27 Aug 2026, 05:30 AM IST"
4459817064,https://in.linkedin.com/jobs/view/4467-software-development-engineer-iii-data-engineer-iceberg-trino-at-innovaccer-4459817064,2026-08-27,"27 Aug 2026, 05:30 AM IST"
4401924366,https://in.linkedin.com/jobs/view/senior-data-engineer-analyst-%E2%80%93-search-ai-visibility-at-birdeye-4401924366,2026-08-27,"27 Aug 2026, 05:30 AM IST"
4457760664,https://in.linkedin.com/jobs/view/data-engineer-azure-databricks-senior-associate-at-pwc-acceleration-center-india-4457760664,2026-08-27,"27 Aug 2026, 05:30 AM IST"
4438412109,https://in.linkedin.com/jobs/view/lead-ii-data-engineering-at-ust-4438412109,2026-08-27,"27 Aug 2026, 05:30 AM IST"
4439883490,https://in.linkedin.com/jobs/view/azure-databricks-developer-at-birlasoft-4439883490,2026-08-27,"27 Aug 2026, 05:30 AM IST"
4459802620,https://in.linkedin.com/jobs/view/lead-data-engineer-snowflake-and-dbt-at-first-citizens-india-4459802620,2026-08-27,"27 Aug 2026, 05:30 AM IST"
4459187316,https://in.linkedin.com/jobs/view/data-engineer-data-platforms-google-at-hakk%C5%8Dda-an-ibm-company-4459187316,2026-08-27,"26 Aug 2026, 05:30 AM IST"
4423913467,https://in.linkedin.com/jobs/view/senior-data-engineer-%E2%80%94-enterprise-data-platform-at-basware-4423913467,2026-08-27,"26 Aug 2026, 05:30 AM IST"
4457257856,https://in.linkedin.com/jobs/view/data-engineer-data-platforms-google-at-ibm-4457257856,2026-08-27,"26 Aug 2026, 05:30 AM IST"
4449000426,https://in.linkedin.com/jobs/view/data-engineer-at-ciklum-india-4449000426,2026-08-27,"26 Aug 2026, 05:30 AM IST"
4439886463,https://in.linkedin.com/jobs/view/d365-data-engineer-at-zensar-technologies-4439886463,2026-08-27,"26 Aug 2026, 05:30 AM IST"
4457944873,https://in.linkedin.com/jobs/view/senior-data-engineer-at-devrev-4457944873,2026-08-27,"26 Aug 2026, 05:30 AM IST"
4457267295,https://in.linkedin.com/jobs/view/data-engineer-data-platforms-azure-at-ibm-4457267295,2026-08-27,"26 Aug 2026, 05:30 AM IST"
4457296423,https://in.linkedin.com/jobs/view/cloud-data-engineer-at-barclays-4457296423,2026-08-27,"26 Aug 2026, 05:30 AM IST"
4439812735,https://in.linkedin.com/jobs/view/senior-data-engineer-at-73-strings-4439812735,2026-08-27,"26 Aug 2026, 05:30 AM IST"
4459396502,https://in.linkedin.com/jobs/view/data-engineering-consultant-at-optum-india-4459396502,2026-08-27,"26 Aug 2026, 05:30 AM IST"
4457281336,https://in.linkedin.com/jobs/view/senior-ai-data-engineer-at-mastercard-4457281336,2026-08-27,"26 Aug 2026, 05:30 AM IST"
4450719170,https://in.linkedin.com/jobs/view/senior-mdm-data-engineer-at-amgen-4450719170,2026-08-27,"26 Aug 2026, 05:30 AM IST"
4459351666,https://in.linkedin.com/jobs/view/data-engineer-at-flexiple-4459351666,2026-08-27,"26 Aug 2026, 05:30 AM IST"
4431251552,https://in.linkedin.com/jobs/view/senior-specialist-business-data-architecture-at-bny-4431251552,2026-08-27,"26 Aug 2026, 05:30 AM IST"
4291069034,https://in.linkedin.com/jobs/view/associate-python-data-engineer-gdc-at-pwc-india-4291069034,2026-08-28,"28 Aug 2026, 05:30 AM IST"
4458972084,https://in.linkedin.com/jobs/view/azure-data-engineer-remote-work-at-techolution-4458972084,2026-08-28,"28 Aug 2026, 05:30 AM IST"
4460151395,https://in.linkedin.com/jobs/view/deltacubes-informatica-developer-data-warehousing-at-de-4460151395,2026-08-28,"28 Aug 2026, 05:30 AM IST"
4460313691,https://in.linkedin.com/jobs/view/data-engineer-ai-at-wells-fargo-4460313691,2026-08-28,"28 Aug 2026, 05:30 AM IST"
4458957365,https://in.linkedin.com/jobs/view/data-engineer-ii-at-swiss-re-4458957365,2026-08-28,"28 Aug 2026, 05:30 AM IST"
4458907640,https://in.linkedin.com/jobs/view/data-engineer-at-infosys-4458907640,2026-08-28,"28 Aug 2026, 05:30 AM IST"
4458698923,https://in.linkedin.com/jobs/view/big-query-data-engineer-at-infosys-4458698923,2026-08-28,"28 Aug 2026, 05:30 AM IST"
4441602455,https://in.linkedin.com/jobs/view/senior-data-engineer-at-mattel-inc-4441602455,2026-08-28,"28 Aug 2026, 05:30 AM IST"
4460130744,https://in.linkedin.com/jobs/view/senior-data-engineer-at-fresenius-medical-care-4460130744,2026-08-28,"28 Aug 2026, 05:30 AM IST"
4458941509,https://in.linkedin.com/jobs/view/senior-data-engineer-t-t-at-mccormick-flavor-solutions-4458941509,2026-08-28,"28 Aug 2026, 05:30 AM IST"
4460301074,https://in.linkedin.com/jobs/view/ind-consultant-data-engineer-at-aon-4460301074,2026-08-28,"28 Aug 2026, 05:30 AM IST"
4449765119,https://in.linkedin.com/jobs/view/principal-data-engineer-at-autodesk-4449765119,2026-08-28,"28 Aug 2026, 05:30 AM IST"
4460313702,https://in.linkedin.com/jobs/view/lead-data-engineer-pyspark-sql-ai-at-wells-fargo-4460313702,2026-08-28,"28 Aug 2026, 05:30 AM IST"
4458405652,https://in.linkedin.com/jobs/view/data-engineer-at-nokia-4458405652,2026-08-28,"28 Aug 2026, 05:30 AM IST"
4460132620,https://in.linkedin.com/jobs/view/qentelli-solutions-data-engineer-sql-python-at-qentelli-4460132620,2026-08-28,"28 Aug 2026, 05:30 AM IST"
4460350337,https://in.linkedin.com/jobs/view/oliver-wyman-data-engineer-senior-data-engineer-data-and-analytics-dna-gurugram-india-at-oliver-wyman-4460350337,2026-08-28,"28 Aug 2026, 05:30 AM IST"
4447125421,https://in.linkedin.com/jobs/view/senior-software-engineer-ii-data-engineering-platform-at-playsimple-games-4447125421,2026-08-28,"28 Aug 2026, 05:30 AM IST"
4458958258,https://in.linkedin.com/jobs/view/global-it-data-engineer-senior-specialist-at-boston-consulting-group-bcg-4458958258,2026-08-28,"28 Aug 2026, 05:30 AM IST"
4292868547,https://in.linkedin.com/jobs/view/in-senior-associate-azure-data-engineer-data-analytics-advisory-bangalore-at-pwc-india-4292868547,2026-08-28,"28 Aug 2026, 05:30 AM IST"
4460328243,https://in.linkedin.com/jobs/view/data-engineering-developer-senior-associate-at-state-street-4460328243,2026-08-28,"28 Aug 2026, 05:30 AM IST"
4460340110,https://in.linkedin.com/jobs/view/data-engineering-developer-senior-associate-at-state-street-4460340110,2026-08-28,"28 Aug 2026, 05:30 AM IST"
4460315926,https://in.linkedin.com/jobs/view/data-engineer-associate-technical-architect-at-jobcrexa-4460315926,2026-08-28,"28 Aug 2026, 05:30 AM IST"
4458067530,https://in.linkedin.com/jobs/view/lead-i-snowflake-or-python-%2B-data-engineering-at-ust-4458067530,2026-08-28,"28 Aug 2026, 05:30 AM IST"
4460321819,https://in.linkedin.com/jobs/view/senior-analytics-engineer-at-warner-bros-discovery-4460321819,2026-08-28,"28 Aug 2026, 05:30 AM IST"
4458033494,https://in.linkedin.com/jobs/view/data-engineer-at-netapp-4458033494,2026-08-28,"27 Aug 2026, 05:30 AM IST"
4450721150,https://in.linkedin.com/jobs/view/data-engineer-at-amgen-4450721150,2026-08-28,"27 Aug 2026, 05:30 AM IST"
4459862952,https://in.linkedin.com/jobs/view/data-engineer-coro-products-at-bain-company-4459862952,2026-08-28,"27 Aug 2026, 05:30 AM IST"
4459199265,https://in.linkedin.com/jobs/view/staff-data-engineer-at-servicenow-4459199265,2026-08-28,"27 Aug 2026, 05:30 AM IST"
4440270873,https://in.linkedin.com/jobs/view/data-engineer-ii-at-five9-4440270873,2026-08-28,"27 Aug 2026, 05:30 AM IST"
4459874018,https://in.linkedin.com/jobs/view/senior-databricks-data-engineer-at-customized-energy-solutions-4459874018,2026-08-28,"27 Aug 2026, 05:30 AM IST"
4458686641,https://in.linkedin.com/jobs/view/data-engineer-java-apache-spark-hive-assistant-vice-president-at-citi-4458686641,2026-08-28,"27 Aug 2026, 05:30 AM IST"
4449381947,https://in.linkedin.com/jobs/view/senior-delivery-ai-data-engineer-at-bcg-x-4449381947,2026-08-28,"27 Aug 2026, 05:30 AM IST"
4459865055,https://in.linkedin.com/jobs/view/databricks-data-engineer-contract-to-hire-at-customized-energy-solutions-4459865055,2026-08-28,"27 Aug 2026, 05:30 AM IST"
4458697007,https://in.linkedin.com/jobs/view/data-engineer-at-dentsu-global-services-4458697007,2026-08-28,"27 Aug 2026, 05:30 AM IST"
4458650350,https://in.linkedin.com/jobs/view/de-a-gcp-data-engineering-at-zensar-technologies-4458650350,2026-08-28,"27 Aug 2026, 05:30 AM IST"
4460106307,https://in.linkedin.com/jobs/view/vp-sr-lead-data-engineer-snowflake-at-jpmorganchase-4460106307,2026-08-28,"27 Aug 2026, 05:30 AM IST"
4459881404,https://in.linkedin.com/jobs/view/data-engineer-at-flexiple-4459881404,2026-08-28,"27 Aug 2026, 05:30 AM IST"
4458654317,https://in.linkedin.com/jobs/view/cloud-backend-developer-python-pyspark-kubernetes-healthcare-data-integration-at-quest-global-4458654317,2026-08-28,"27 Aug 2026, 05:30 AM IST"
4459771667,https://in.linkedin.com/jobs/view/data-engineer-at-conga-4459771667,2026-08-31,"31 Aug 2026, 05:30 AM IST"
4461053698,https://in.linkedin.com/jobs/view/sr-data-engineer-idmc-iics%2Bsnowflake-at-excelencia-4461053698,2026-08-31,"31 Aug 2026, 05:30 AM IST"
4460572993,https://in.linkedin.com/jobs/view/senior-data-engineer-at-hireflex-4460572993,2026-08-31,"31 Aug 2026, 05:30 AM IST"
4459778587,https://in.linkedin.com/jobs/view/data-engineer-at-synechron-4459778587,2026-08-31,"31 Aug 2026, 05:30 AM IST"
4461060339,https://in.linkedin.com/jobs/view/data-engineer-%E2%80%93-oracle-pl-sql-%23038-etl-at-letzbizz-4461060339,2026-08-31,"31 Aug 2026, 05:30 AM IST"
4461061647,https://in.linkedin.com/jobs/view/microsoft-fabric-engineer-%E2%80%93-data-engineering-at-proxsoft-global-4461061647,2026-08-31,"31 Aug 2026, 05:30 AM IST"
4461050684,https://in.linkedin.com/jobs/view/senior-software-engineer-data-backend-at-vestas-4461050684,2026-08-31,"31 Aug 2026, 05:30 AM IST"
4459763788,https://in.linkedin.com/jobs/view/senior-software-engineer-data-backend-bangalore-ka-in-560037-at-vestas-4459763788,2026-08-31,"31 Aug 2026, 05:30 AM IST"
4461046104,https://in.linkedin.com/jobs/view/software-engineer-human-data-platforms-at-hired-4461046104,2026-08-31,"31 Aug 2026, 05:30 AM IST"
4458882124,https://in.linkedin.com/jobs/view/avp-client-platforms-data-architect-at-ares-management-4458882124,2026-08-31,"31 Aug 2026, 05:30 AM IST"
4461034417,https://in.linkedin.com/jobs/view/data-engineer-ii-at-jobcrexa-4461034417,2026-08-31,"30 Aug 2026, 05:30 AM IST"
4461028484,https://in.linkedin.com/jobs/view/data-engineer-at-jobcrexa-4461028484,2026-08-31,"30 Aug 2026, 05:30 AM IST"
4314051977,https://in.linkedin.com/jobs/view/senior-data-engineer-azure-data-factory-and-sql-at-ups-4314051977,2026-08-31,"30 Aug 2026, 05:30 AM IST"
4314069028,https://in.linkedin.com/jobs/view/senior-data-engineer-azure-data-factory-and-sql-at-ups-4314069028,2026-08-31,"30 Aug 2026, 05:30 AM IST"
4441379872,https://in.linkedin.com/jobs/view/ai-developer-copilot-%E2%80%93-vertica-senior-data-engineer-at-infosys-4441379872,2026-08-31,"30 Aug 2026, 05:30 AM IST"
4414492475,https://in.linkedin.com/jobs/view/senior-software-engineer-core-java-apache-spark-at-citi-4414492475,2026-08-31,"30 Aug 2026, 05:30 AM IST"
4461019478,https://in.linkedin.com/jobs/view/software-engineer-data-scalability-p-latform-at-cisco-4461019478,2026-08-31,"30 Aug 2026, 05:30 AM IST"
4459779821,https://in.linkedin.com/jobs/view/etl-engineer-at-welspun-world-4459779821,2026-08-31,"31 Aug 2026, 05:30 AM IST"
4461069234,https://in.linkedin.com/jobs/view/data-engineer-at-ss-c-technologies-4461069234,2026-08-31,"31 Aug 2026, 05:30 AM IST"
4461075197,https://in.linkedin.com/jobs/view/data-engineer-at-ss-c-technologies-4461075197,2026-08-31,"31 Aug 2026, 05:30 AM IST"
4461080115,https://in.linkedin.com/jobs/view/data-engineer-at-yellowipe-4461080115,2026-08-31,"31 Aug 2026, 05:30 AM IST"
4461073408,https://in.linkedin.com/jobs/view/senior-data-engineer-at-bureau-4461073408,2026-08-31,"31 Aug 2026, 05:30 AM IST"
4433621582,https://in.linkedin.com/jobs/view/pyspark-developer-at-infosys-4433621582,2026-08-31,"31 Aug 2026, 05:30 AM IST"
4459797251,https://in.linkedin.com/jobs/view/de-a-data-engineer-at-zensar-technologies-4459797251,2026-08-31,"31 Aug 2026, 05:30 AM IST"
4460036053,https://in.linkedin.com/jobs/view/senior-data-engineer-python-spark-gcp-at-wells-fargo-4460036053,2026-08-31,"31 Aug 2026, 05:30 AM IST"
4459687921,https://in.linkedin.com/jobs/view/senior-data-engineer-at-sourcingxpress-4459687921,2026-08-31,"31 Aug 2026, 05:30 AM IST"
4459201603,https://in.linkedin.com/jobs/view/data-engineer-etl-job-at-yash-technologies-middle-east-4459201603,2026-08-31,"31 Aug 2026, 05:30 AM IST"
4458895825,https://in.linkedin.com/jobs/view/executive-assistant-manager-data-engineer-at-macquarie-group-4458895825,2026-08-31,"31 Aug 2026, 05:30 AM IST"
4461085990,https://in.linkedin.com/jobs/view/lead-data-engineer-at-providence-india-4461085990,2026-08-31,"31 Aug 2026, 05:30 AM IST"
4461084506,https://in.linkedin.com/jobs/view/palantir-data-engineer-at-jobcrexa-4461084506,2026-08-31,"31 Aug 2026, 05:30 AM IST"
4461085988,https://in.linkedin.com/jobs/view/senior-data-engineer-at-providence-india-4461085988,2026-08-31,"31 Aug 2026, 05:30 AM IST"
4458883616,https://in.linkedin.com/jobs/view/sr-data-engineer-sde-2-at-pluang-4458883616,2026-08-31,"31 Aug 2026, 05:30 AM IST"
4461085809,https://in.linkedin.com/jobs/view/lead-data-engineer-pyspark-at-happiest-minds-technologies-4461085809,2026-08-31,"31 Aug 2026, 05:30 AM IST"
4461089092,https://in.linkedin.com/jobs/view/senior-engineer-data-engineering-at-news-corp-4461089092,2026-08-31,"31 Aug 2026, 05:30 AM IST"
4449561098,https://in.linkedin.com/jobs/view/snr-data-engineer-at-alight-solutions-4449561098,2026-08-31,"31 Aug 2026, 05:30 AM IST"
4461253676,https://in.linkedin.com/jobs/view/lead-azure-data-engineer-at-syneos-health-4461253676,2026-08-31,"31 Aug 2026, 05:30 AM IST"
4459223912,https://in.linkedin.com/jobs/view/senior-data-engineer-at-chevron-4459223912,2026-08-31,"31 Aug 2026, 05:30 AM IST"
4451527894,https://in.linkedin.com/jobs/view/senior-security-data-engineer-at-clearwater-4451527894,2026-08-31,"31 Aug 2026, 05:30 AM IST"
4449291689,https://in.linkedin.com/jobs/view/senior-software-engineer-data-platform-at-databricks-4449291689,2026-08-31,"31 Aug 2026, 05:30 AM IST"
4460045387,https://in.linkedin.com/jobs/view/senior-lead-engineer-etl-at-quest-global-4460045387,2026-08-31,"31 Aug 2026, 05:30 AM IST"
4401951192,https://in.linkedin.com/jobs/view/senior-software-engineer-data-platform-at-g-p-4401951192,2026-08-31,"31 Aug 2026, 05:30 AM IST"
4455707865,https://in.linkedin.com/jobs/view/data-platform-capability-engineer-assistant-vice-president-at-state-street-4455707865,2026-08-31,"31 Aug 2026, 05:30 AM IST"
4460029373,https://in.linkedin.com/jobs/view/sr-analytics-engineer-at-digital-green-4460029373,2026-08-31,"31 Aug 2026, 05:30 AM IST"
4461017696,https://in.linkedin.com/jobs/view/databricks-engineer-at-iris-software-inc-4461017696,2026-08-31,"30 Aug 2026, 05:30 AM IST"
4460020153,https://in.linkedin.com/jobs/view/azure-data-engineer-remote-work-at-techolution-4460020153,2026-09-01,"31 Aug 2026, 05:30 AM IST"
4459274463,https://in.linkedin.com/jobs/view/data-engineer-sql%2Bpython%2Baws-at-fidelity-international-4459274463,2026-09-01,"01 Sep 2026, 05:30 AM IST"
4460208714,https://in.linkedin.com/jobs/view/senior-snowflake-data-engineer-at-epam-systems-4460208714,2026-09-01,"01 Sep 2026, 05:30 AM IST"
4461520520,https://in.linkedin.com/jobs/view/reflections-info-systems-senior-data-engineer-google-cloud-platform-at-vista-info-systems-4461520520,2026-09-01,"01 Sep 2026, 05:30 AM IST"
4461572950,https://in.linkedin.com/jobs/view/databricks-data-integration-engineer-at-infovision-inc-4461572950,2026-09-01,"01 Sep 2026, 05:30 AM IST"
4461550374,https://in.linkedin.com/jobs/view/senior-data-engineer-at-cyopspath-job-directory-4461550374,2026-09-01,"01 Sep 2026, 05:30 AM IST"
4460218777,https://in.linkedin.com/jobs/view/pyspark-bigdata-developer-at-cynergy-services-4460218777,2026-09-01,"01 Sep 2026, 05:30 AM IST"
4459226976,https://in.linkedin.com/jobs/view/data-engineer-ii-at-electronic-arts-ea-4459226976,2026-09-01,"31 Aug 2026, 05:30 AM IST"
4441794222,https://in.linkedin.com/jobs/view/senior-gcp-bq-data-engineer-at-infosys-4441794222,2026-09-01,"31 Aug 2026, 05:30 AM IST"
4461069911,https://in.linkedin.com/jobs/view/senior-data-engineer-azure-databricks-at-happiest-minds-technologies-4461069911,2026-09-01,"31 Aug 2026, 05:30 AM IST"
4451111613,https://in.linkedin.com/jobs/view/pyspark-data-engineer-%E2%80%93-python-etl-data-warehousing-at-synechron-4451111613,2026-09-01,"31 Aug 2026, 05:30 AM IST"
4460015287,https://in.linkedin.com/jobs/view/senior-data-engineer-at-sirrus-ai-4460015287,2026-09-01,"31 Aug 2026, 05:30 AM IST"
4460052027,https://in.linkedin.com/jobs/view/data-engineer-at-calitii-4460052027,2026-09-01,"31 Aug 2026, 05:30 AM IST"
4461296196,https://in.linkedin.com/jobs/view/senior-data-platform-engineer-at-earnin-4461296196,2026-09-01,"31 Aug 2026, 05:30 AM IST"
4461202346,https://in.linkedin.com/jobs/view/senior-ii-data-engineer-at-akamai-technologies-4461202346,2026-09-01,"31 Aug 2026, 05:30 AM IST"
4459794319,https://in.linkedin.com/jobs/view/senior-data-engineer-%E2%80%93-snowflake-developer-at-zensar-technologies-4459794319,2026-09-01,"31 Aug 2026, 05:30 AM IST"
4459782160,https://in.linkedin.com/jobs/view/data-engineer-at-dentsu-global-services-4459782160,2026-09-01,"31 Aug 2026, 05:30 AM IST"
4461084775,https://in.linkedin.com/jobs/view/senior-data-engineer-azure-databricks-at-happiest-minds-technologies-4461084775,2026-09-01,"31 Aug 2026, 05:30 AM IST"
4459267163,https://in.linkedin.com/jobs/view/ai-data-engineer-at-corning-incorporated-4459267163,2026-09-01,"31 Aug 2026, 05:30 AM IST"
4292875114,https://in.linkedin.com/jobs/view/in-senior-associate-gcp-data-engineer-data-and-analytics-advisory-bangalore-at-pwc-india-4292875114,2026-09-01,"31 Aug 2026, 05:30 AM IST"
4459200913,https://in.linkedin.com/jobs/view/member-technical-staff-ii-data-engineer-%2Bbackend-at-nielsen-4459200913,2026-09-01,"31 Aug 2026, 05:30 AM IST"
4449564168,https://in.linkedin.com/jobs/view/lead-database-engineer-at-thermo-fisher-scientific-4449564168,2026-09-01,"31 Aug 2026, 05:30 AM IST"
4461593896,https://in.linkedin.com/jobs/view/data-engineer-2-at-illumina-4461593896,2026-09-01,"01 Sep 2026, 05:30 AM IST"
4461725917,https://in.linkedin.com/jobs/view/data-engineer-aladdin-data-associate-at-blackrock-4461725917,2026-09-01,"01 Sep 2026, 05:30 AM IST"
4460378159,https://in.linkedin.com/jobs/view/senior-data-engineer-at-hpe-aruba-networking-4460378159,2026-09-01,"01 Sep 2026, 05:30 AM IST"
4459502529,https://in.linkedin.com/jobs/view/data-engineer-at-wpp-4459502529,2026-09-01,"01 Sep 2026, 05:30 AM IST"
4461519251,https://in.linkedin.com/jobs/view/data-engineer-ii-data-engineer-ii-at-amazon-web-services-aws-4461519251,2026-09-01,"01 Sep 2026, 05:30 AM IST"
4460220303,https://in.linkedin.com/jobs/view/lead-snowflake-data-engineer-at-epam-systems-4460220303,2026-09-01,"01 Sep 2026, 05:30 AM IST"
4440434450,https://in.linkedin.com/jobs/view/data-engineer-at-wsp-in-india-4440434450,2026-09-01,"01 Sep 2026, 05:30 AM IST"
4461766505,https://in.linkedin.com/jobs/view/senior-data-engineer-itc-at-nike-4461766505,2026-09-01,"01 Sep 2026, 05:30 AM IST"
4459501014,https://in.linkedin.com/jobs/view/software-development-engineer-ii-data-engineering-at-jiostar-4459501014,2026-09-01,"01 Sep 2026, 05:30 AM IST"
4461715118,https://in.linkedin.com/jobs/view/senior-software-engineer-data-engineer-python-sql-at-wells-fargo-4461715118,2026-09-01,"01 Sep 2026, 05:30 AM IST"
4460240832,https://in.linkedin.com/jobs/view/data-engineer-at-mccormick-company-4460240832,2026-09-01,"01 Sep 2026, 05:30 AM IST"
4461567497,https://in.linkedin.com/jobs/view/staff-data-engineer-at-commonwealth-bank-4461567497,2026-09-01,"01 Sep 2026, 05:30 AM IST"
4442606441,https://in.linkedin.com/jobs/view/data-engineer-at-wsp-in-india-4442606441,2026-09-01,"01 Sep 2026, 05:30 AM IST"
4461560864,https://in.linkedin.com/jobs/view/senior-data-engineer-senior-consultant-at-ptc-4461560864,2026-09-01,"01 Sep 2026, 05:30 AM IST"
4459507257,https://in.linkedin.com/jobs/view/advanced-engineer-data-engineer-at-harman-india-4459507257,2026-09-01,"01 Sep 2026, 05:30 AM IST"
4461710895,https://in.linkedin.com/jobs/view/senior-specialist-data-engineer-informatica-at-charles-schwab-india-4461710895,2026-09-01,"01 Sep 2026, 05:30 AM IST"
4457792066,https://in.linkedin.com/jobs/view/senior-data-engineer-at-empower-india-4457792066,2026-09-01,"01 Sep 2026, 05:30 AM IST"
4461524411,https://in.linkedin.com/jobs/view/reflections-info-systems-data-engineer-snowflake-azure-data-factory-at-vista-info-systems-4461524411,2026-09-01,"01 Sep 2026, 05:30 AM IST"
4459502150,https://in.linkedin.com/jobs/view/lead-data-engineer-pyspark-at-happiest-minds-technologies-4459502150,2026-09-01,"01 Sep 2026, 05:30 AM IST"
4461760327,https://in.linkedin.com/jobs/view/lead-data-engineer-at-rearc-4461760327,2026-09-01,"01 Sep 2026, 05:30 AM IST"
4461719068,https://in.linkedin.com/jobs/view/software-engineer-etl-developer-at-wells-fargo-4461719068,2026-09-01,"01 Sep 2026, 05:30 AM IST"
4461728213,https://in.linkedin.com/jobs/view/senior-data-engineer-at-fidelity-international-4461728213,2026-09-01,"01 Sep 2026, 05:30 AM IST"
4425091926,https://in.linkedin.com/jobs/view/data-engg-with-databricks%2B-pyspark-sr-technical-lead-data-engg-at-birlasoft-4425091926,2026-09-01,"01 Sep 2026, 05:30 AM IST"
4461527021,https://in.linkedin.com/jobs/view/databricks-senior-engineer-at-iris-software-inc-4461527021,2026-09-01,"31 Aug 2026, 05:30 AM IST"
4331043452,https://in.linkedin.com/jobs/view/databricks-with-aws-pyspark-at-cognizant-4331043452,2026-09-01,"31 Aug 2026, 05:30 AM IST"
4461788655,https://in.linkedin.com/jobs/view/gcp-dataengineer-at-people-prime-worldwide-4461788655,2026-09-02,"01 Sep 2026, 05:30 AM IST"
4460932610,https://in.linkedin.com/jobs/view/executive-data-engineer-at-macquarie-group-4460932610,2026-09-02,"02 Sep 2026, 05:30 AM IST"
4459589517,https://in.linkedin.com/jobs/view/aws-data-engineer-at-facctum-4459589517,2026-09-02,"02 Sep 2026, 05:30 AM IST"
4462111094,https://in.linkedin.com/jobs/view/interesting-job-opportunity-eucloid-lead-data-engineer-at-eucloid-data-solutions-4462111094,2026-09-02,"02 Sep 2026, 05:30 AM IST"
4462116651,https://in.linkedin.com/jobs/view/delhi-career-fair-fair-aug-sept-data-engineer-at-exxonmobil-india-careers-4462116651,2026-09-02,"02 Sep 2026, 05:30 AM IST"
4459501016,https://in.linkedin.com/jobs/view/data-engineer-data-platforms-google-at-ibm-4459501016,2026-09-02,"01 Sep 2026, 05:30 AM IST"
4459531197,https://in.linkedin.com/jobs/view/data-engineer-data-platforms-google-at-ibm-4459531197,2026-09-02,"01 Sep 2026, 05:30 AM IST"
4459282769,https://in.linkedin.com/jobs/view/lead-i-data-engineering-at-ust-4459282769,2026-09-02,"01 Sep 2026, 05:30 AM IST"
4462059394,https://in.linkedin.com/jobs/view/data-engineer-at-berkadia-4462059394,2026-09-02,"01 Sep 2026, 05:30 AM IST"
4461702602,https://in.linkedin.com/jobs/view/data-engineer-pharma-r-d-at-roche-4461702602,2026-09-02,"01 Sep 2026, 05:30 AM IST"
4460250313,https://in.linkedin.com/jobs/view/data-engineer-at-alight-solutions-4460250313,2026-09-02,"01 Sep 2026, 05:30 AM IST"
4459559512,https://in.linkedin.com/jobs/view/databricks-engineer-at-ajanta-pharma-ltd-4459559512,2026-09-02,"01 Sep 2026, 05:30 AM IST"
4462031488,https://in.linkedin.com/jobs/view/databricks-engineer-at-dataeconomy-4462031488,2026-09-02,"01 Sep 2026, 05:30 AM IST"
4460280933,https://in.linkedin.com/jobs/view/cloud-data-engineer-snowflake-spark-dbt-sql-aws-at-synechron-4460280933,2026-09-02,"01 Sep 2026, 05:30 AM IST"
4462190295,https://in.linkedin.com/jobs/view/senior-data-engineer-data-platform-at-firmable-4462190295,2026-09-02,"02 Sep 2026, 05:30 AM IST"
4451485171,https://in.linkedin.com/jobs/view/in-associate-%E2%80%93-aws-data-engineer-%E2%80%93-data-and-analytics-%E2%80%93-advisory-%E2%80%93-kolkata-at-pwc-india-4451485171,2026-09-02,"02 Sep 2026, 05:30 AM IST"
4460960919,https://in.linkedin.com/jobs/view/data-engineer-ii-at-miq-4460960919,2026-09-02,"02 Sep 2026, 05:30 AM IST"
4460981184,https://in.linkedin.com/jobs/view/data-engineer-at-applied-systems-india-4460981184,2026-09-02,"02 Sep 2026, 05:30 AM IST"
4443389017,https://in.linkedin.com/jobs/view/snowflake-data-engineer-at-ntt-data-north-america-4443389017,2026-09-02,"02 Sep 2026, 05:30 AM IST"
4460967316,https://in.linkedin.com/jobs/view/data-engineer-databricks-at-vivanti-consulting-4460967316,2026-09-02,"02 Sep 2026, 05:30 AM IST"
4460974193,https://in.linkedin.com/jobs/view/data-engineer-at-applied-systems-4460974193,2026-09-02,"02 Sep 2026, 05:30 AM IST"
4462147718,https://in.linkedin.com/jobs/view/senior-data-engineer-etl-engineer-at-wells-fargo-4462147718,2026-09-02,"02 Sep 2026, 05:30 AM IST"
4460986134,https://in.linkedin.com/jobs/view/senior-data-engineer-i-at-philips-4460986134,2026-09-02,"02 Sep 2026, 05:30 AM IST"
4462151812,https://in.linkedin.com/jobs/view/senior-data-engineer-advertising-engineering-at-roku-4462151812,2026-09-02,"02 Sep 2026, 05:30 AM IST"
4461305325,https://in.linkedin.com/jobs/view/data-engineer-at-calitii-4461305325,2026-09-02,"02 Sep 2026, 05:30 AM IST"
4460956522,https://in.linkedin.com/jobs/view/data-engineer-snowflake-at-vivanti-consulting-4460956522,2026-09-02,"02 Sep 2026, 05:30 AM IST"
4459597925,https://in.linkedin.com/jobs/view/cloud-data-engineer-snowflake-spark-dbt-at-calitii-4459597925,2026-09-02,"02 Sep 2026, 05:30 AM IST"
4460990441,https://in.linkedin.com/jobs/view/data-engineer-at-wolters-kluwer-4460990441,2026-09-02,"02 Sep 2026, 05:30 AM IST"
4462189128,https://in.linkedin.com/jobs/view/principal-data-engineer-snowflake-and-dbt-at-first-citizens-india-4462189128,2026-09-02,"02 Sep 2026, 05:30 AM IST"
4459952821,https://in.linkedin.com/jobs/view/data-engineer-at-netapp-4459952821,2026-09-02,"02 Sep 2026, 05:30 AM IST"
4460971233,https://in.linkedin.com/jobs/view/staff-data-engineer-at-applied-systems-4460971233,2026-09-02,"02 Sep 2026, 05:30 AM IST"
4460968838,https://in.linkedin.com/jobs/view/staff-data-engineer-at-applied-systems-india-4460968838,2026-09-02,"02 Sep 2026, 05:30 AM IST"
4459941373,https://in.linkedin.com/jobs/view/executive-data-engineer-at-macquarie-group-4459941373,2026-09-02,"02 Sep 2026, 05:30 AM IST"
4460948271,https://in.linkedin.com/jobs/view/sr-software-engineer-aws-data-pipeline-job-at-yash-technologies-4460948271,2026-09-02,"02 Sep 2026, 05:30 AM IST"
4460956495,https://in.linkedin.com/jobs/view/senior-specialist-data-engineering-at-vivantify-technology-solutions-india-pvt-ltd-4460956495,2026-09-02,"02 Sep 2026, 05:30 AM IST"
4461313341,https://in.linkedin.com/jobs/view/senior-data-engineer-at-assent-4461313341,2026-09-02,"02 Sep 2026, 05:30 AM IST"
4460986739,https://in.linkedin.com/jobs/view/specialist-data-engineering-at-vivantify-technology-solutions-india-pvt-ltd-4460986739,2026-09-02,"02 Sep 2026, 05:30 AM IST"
4449869168,https://in.linkedin.com/jobs/view/associate-iii-data-engineering-at-ust-4449869168,2026-09-02,"02 Sep 2026, 05:30 AM IST"
4459568151,https://in.linkedin.com/jobs/view/senior-data-engineer-at-calfus-inc-4459568151,2026-09-02,"01 Sep 2026, 05:30 AM IST"
4462069188,https://in.linkedin.com/jobs/view/senior-data-engineer-at-berkadia-4462069188,2026-09-02,"01 Sep 2026, 05:30 AM IST"
4459555494,https://in.linkedin.com/jobs/view/data-engineer-at-straive-4459555494,2026-09-02,"01 Sep 2026, 05:30 AM IST"
4460630273,https://in.linkedin.com/jobs/view/data-engineer-python-pyspark-etl-elt-at-quest-global-4460630273,2026-09-02,"01 Sep 2026, 05:30 AM IST"
4459566357,https://in.linkedin.com/jobs/view/data-engineer-at-tekwissen-india-4459566357,2026-09-02,"01 Sep 2026, 05:30 AM IST"
4461798573,https://in.linkedin.com/jobs/view/sr-data-engineer-at-minfy-4461798573,2026-09-02,"01 Sep 2026, 05:30 AM IST"
4460649793,https://in.linkedin.com/jobs/view/data-platform-engineer-iii-at-the-standard-india-4460649793,2026-09-02,"01 Sep 2026, 05:30 AM IST"
4462046836,https://in.linkedin.com/jobs/view/data-engineer-software-engineer-at-cgi-4462046836,2026-09-02,"01 Sep 2026, 05:30 AM IST"
4459564397,https://in.linkedin.com/jobs/view/senior-data-engineer-at-thinkbridge-4459564397,2026-09-02,"01 Sep 2026, 05:30 AM IST"
4459568149,https://in.linkedin.com/jobs/view/senior-data-engineer-at-straive-4459568149,2026-09-02,"01 Sep 2026, 05:30 AM IST"
4462002088,https://in.linkedin.com/jobs/view/senior-software-engineer-azure-databricks-at-happiest-minds-technologies-4462002088,2026-09-02,"01 Sep 2026, 05:30 AM IST"
4462093495,https://in.linkedin.com/jobs/view/data-engineer-consultant-at-iris-software-inc-4462093495,2026-09-02,"01 Sep 2026, 05:30 AM IST"
4459569139,https://in.linkedin.com/jobs/view/senior-data-engineer-data-architecture-modeling-modern-dwh-at-calfus-inc-4459569139,2026-09-02,"01 Sep 2026, 05:30 AM IST"
4460662306,https://in.linkedin.com/jobs/view/data-engineer-iii-powerbi-at-the-standard-india-4460662306,2026-09-02,"01 Sep 2026, 05:30 AM IST"
4462426779,https://in.linkedin.com/jobs/view/gcp-dataengineer-at-people-prime-worldwide-4462426779,2026-09-03,"02 Sep 2026, 05:30 AM IST"
4460437247,https://in.linkedin.com/jobs/view/data-engineer-at-baxter-international-inc-4460437247,2026-09-03,"03 Sep 2026, 05:30 AM IST"
4462775095,https://in.linkedin.com/jobs/view/senior-data-engineer-at-aon-4462775095,2026-09-03,"03 Sep 2026, 05:30 AM IST"
4460455803,https://in.linkedin.com/jobs/view/data-engineer-advisor-at-ntt-data-north-america-4460455803,2026-09-03,"03 Sep 2026, 05:30 AM IST"
4461394771,https://in.linkedin.com/jobs/view/data-engineering-manager-at-crisil-4461394771,2026-09-03,"03 Sep 2026, 05:30 AM IST"
4462771032,https://in.linkedin.com/jobs/view/lead-data-engineer-at-bristlecone-4462771032,2026-09-03,"03 Sep 2026, 05:30 AM IST"
4462740073,https://in.linkedin.com/jobs/view/senior-databricks-developer-at-cgi-4462740073,2026-09-03,"03 Sep 2026, 05:30 AM IST"
4461395718,https://in.linkedin.com/jobs/view/unidata-universe-data-engineer-at-rapsys-technologies-pte-ltd-4461395718,2026-09-03,"03 Sep 2026, 05:30 AM IST"
4461608122,https://in.linkedin.com/jobs/view/unidata-universe-data-engineer-at-tap-growth-ai-4461608122,2026-09-03,"03 Sep 2026, 05:30 AM IST"
4462475019,https://in.linkedin.com/jobs/view/data-engineer-at-franklin-templeton-4462475019,2026-09-03,"02 Sep 2026, 05:30 AM IST"
4462429477,https://in.linkedin.com/jobs/view/data-engineer-with-python-at-abb-4462429477,2026-09-03,"02 Sep 2026, 05:30 AM IST"
4460956956,https://in.linkedin.com/jobs/view/data-engineer-at-dentsu-global-services-4460956956,2026-09-03,"02 Sep 2026, 05:30 AM IST"
4462480400,https://in.linkedin.com/jobs/view/data-engineer-software-engineer-ii-at-jpmorganchase-4462480400,2026-09-03,"02 Sep 2026, 05:30 AM IST"
4462191099,https://in.linkedin.com/jobs/view/senior-data-engineer-at-commonwealth-bank-4462191099,2026-09-03,"02 Sep 2026, 05:30 AM IST"
4462489125,https://in.linkedin.com/jobs/view/data-engineer-at-advance-auto-parts-india-india-innovation-center-4462489125,2026-09-03,"02 Sep 2026, 05:30 AM IST"
4459998338,https://in.linkedin.com/jobs/view/data-engineer-%E2%80%93-specialist-at-carrier-4459998338,2026-09-03,"02 Sep 2026, 05:30 AM IST"
4459981992,https://in.linkedin.com/jobs/view/lead-i-data-engineering-at-ust-4459981992,2026-09-03,"02 Sep 2026, 05:30 AM IST"
4462460942,https://in.linkedin.com/jobs/view/senior-data-engineer-india-at-rearc-4462460942,2026-09-03,"02 Sep 2026, 05:30 AM IST"
4461328977,https://in.linkedin.com/jobs/view/senior-data-engineer-at-autodesk-4461328977,2026-09-03,"02 Sep 2026, 05:30 AM IST"
4460973117,https://in.linkedin.com/jobs/view/azure-databricks-developer-at-birlasoft-4460973117,2026-09-03,"02 Sep 2026, 05:30 AM IST"
4462494479,https://in.linkedin.com/jobs/view/senior-software-engineer-data-engineering-at-bristlecone-4462494479,2026-09-03,"02 Sep 2026, 05:30 AM IST"
4451682752,https://in.linkedin.com/jobs/view/data-engineer-irc301397-at-globallogic-4451682752,2026-09-03,"02 Sep 2026, 05:30 AM IST"
4459952627,https://in.linkedin.com/jobs/view/azure-data-engineer-at-harjai-technologies-4459952627,2026-09-03,"02 Sep 2026, 05:30 AM IST"
4448462395,https://in.linkedin.com/jobs/view/python-pyspark-databricks-aws-at-cgi-4448462395,2026-09-03,"02 Sep 2026, 05:30 AM IST"
4448312721,https://in.linkedin.com/jobs/view/senior-data-engineer-at-madtech-ai-inc-4448312721,2026-09-03,"02 Sep 2026, 05:30 AM IST"
4462473237,https://in.linkedin.com/jobs/view/senior-data-engineer-india-at-rearc-4462473237,2026-09-03,"02 Sep 2026, 05:30 AM IST"
4459967042,https://in.linkedin.com/jobs/view/deputy-manager-data-engineer-big-data-and-machine-learning-pipelines-at-vois-4459967042,2026-09-03,"02 Sep 2026, 05:30 AM IST"
4461308101,https://in.linkedin.com/jobs/view/data-engineer-senior-7-data-modeler-at-cummins-india-4461308101,2026-09-03,"02 Sep 2026, 05:30 AM IST"
4433511647,https://in.linkedin.com/jobs/view/data-engineer-at-evs-inc-4433511647,2026-09-03,"02 Sep 2026, 05:30 AM IST"
4460448645,https://in.linkedin.com/jobs/view/data-engineer-data-platform-at-firmable-4460448645,2026-09-03,"03 Sep 2026, 05:30 AM IST"
4452741874,https://in.linkedin.com/jobs/view/data-engineer-irc295049-at-globallogic-4452741874,2026-09-03,"03 Sep 2026, 05:30 AM IST"
4432349222,https://in.linkedin.com/jobs/view/data-engineer-at-span-india-4432349222,2026-09-03,"03 Sep 2026, 05:30 AM IST"
4460707428,https://in.linkedin.com/jobs/view/databricks-data-engineer-at-virtusa-4460707428,2026-09-03,"03 Sep 2026, 05:30 AM IST"
4462857697,https://in.linkedin.com/jobs/view/data-engineer-ii-at-envestnet-4462857697,2026-09-03,"03 Sep 2026, 05:30 AM IST"
4460721256,https://in.linkedin.com/jobs/view/gcp-data-engineer-senior-consultant-at-ey-4460721256,2026-09-03,"03 Sep 2026, 05:30 AM IST"
4460729718,https://in.linkedin.com/jobs/view/senior-data-engineer-data-engineering-at-mastercard-4460729718,2026-09-03,"03 Sep 2026, 05:30 AM IST"
4460499489,https://in.linkedin.com/jobs/view/data-engineer-at-virtusa-4460499489,2026-09-03,"03 Sep 2026, 05:30 AM IST"
4460454239,https://in.linkedin.com/jobs/view/data-engineer-at-joblyne-4460454239,2026-09-03,"03 Sep 2026, 05:30 AM IST"
4462793403,https://in.linkedin.com/jobs/view/senior-data-engineer-1-at-electrolux-group-4462793403,2026-09-03,"03 Sep 2026, 05:30 AM IST"
4462871236,https://in.linkedin.com/jobs/view/fabric-senior-data-engineer-at-exl-4462871236,2026-09-03,"03 Sep 2026, 05:30 AM IST"
4462857007,https://in.linkedin.com/jobs/view/senior-big-data-engineer-i-at-metlife-4462857007,2026-09-03,"03 Sep 2026, 05:30 AM IST"
4461601404,https://in.linkedin.com/jobs/view/data-engineer-at-recro-4461601404,2026-09-03,"03 Sep 2026, 05:30 AM IST"
4462730149,https://in.linkedin.com/jobs/view/facctum-aws-data-engineer-at-facctum-4462730149,2026-09-03,"03 Sep 2026, 05:30 AM IST"
4460701256,https://in.linkedin.com/jobs/view/azure-data-engineer-102920-at-mycareernet-4460701256,2026-09-03,"03 Sep 2026, 05:30 AM IST"
4462791758,https://in.linkedin.com/jobs/view/senior-data-engineer-at-a-p-moller-maersk-4462791758,2026-09-03,"03 Sep 2026, 05:30 AM IST"
4461646563,https://in.linkedin.com/jobs/view/aws-data-engineer-1-at-ascendion-4461646563,2026-09-03,"03 Sep 2026, 05:30 AM IST"
4462787935,https://in.linkedin.com/jobs/view/data-engineering-engineer-ii-at-tekwissen-india-4462787935,2026-09-03,"03 Sep 2026, 05:30 AM IST"
4460493368,https://in.linkedin.com/jobs/view/data-engineer-ii-databricks-python-pyspark-aws-at-jpmorganchase-4460493368,2026-09-03,"03 Sep 2026, 05:30 AM IST"
4461394890,https://in.linkedin.com/jobs/view/data-engineer-director-data-analytics-engineering-at-morgan-stanley-4461394890,2026-09-03,"03 Sep 2026, 05:30 AM IST"
4462856942,https://in.linkedin.com/jobs/view/data-engineer-at-ford-motor-company-4462856942,2026-09-03,"03 Sep 2026, 05:30 AM IST"
4462742761,https://in.linkedin.com/jobs/view/senior-data-engineering-analyst-at-optum-india-4462742761,2026-09-03,"03 Sep 2026, 05:30 AM IST"
4462807353,https://in.linkedin.com/jobs/view/senior-database-engineer-at-bebo-technologies-4462807353,2026-09-03,"03 Sep 2026, 05:30 AM IST"
4443763243,https://in.linkedin.com/jobs/view/databricks-engineer-at-ntt-data-north-america-4443763243,2026-09-03,"03 Sep 2026, 05:30 AM IST"
4462855312,https://in.linkedin.com/jobs/view/data-engineer-at-sourcebae-4462855312,2026-09-03,"03 Sep 2026, 05:30 AM IST"
4461646730,https://in.linkedin.com/jobs/view/senior-data-engineer-at-siemens-energy-4461646730,2026-09-03,"03 Sep 2026, 05:30 AM IST"
4461665892,https://in.linkedin.com/jobs/view/data-platform-engineer-iv-at-the-standard-india-4461665892,2026-09-03,"03 Sep 2026, 05:30 AM IST"
4460494150,https://in.linkedin.com/jobs/view/data-engineer-data-platforms-google-at-ibm-4460494150,2026-09-03,"03 Sep 2026, 05:30 AM IST"
4460726201,https://in.linkedin.com/jobs/view/data-engineer-data-platforms-azure-at-ibm-4460726201,2026-09-03,"03 Sep 2026, 05:30 AM IST"
4461665106,https://in.linkedin.com/jobs/view/data-engineer-at-travel-counsellors-4461665106,2026-09-03,"03 Sep 2026, 05:30 AM IST"
4462874008,https://in.linkedin.com/jobs/view/full-stack-data-engineer-at-ford-motor-company-4462874008,2026-09-03,"03 Sep 2026, 05:30 AM IST"
4462789937,https://in.linkedin.com/jobs/view/staff-data-engineer-at-visa-4462789937,2026-09-03,"03 Sep 2026, 05:30 AM IST"
4461658385,https://in.linkedin.com/jobs/view/data-etl-engineer-at-ascendion-4461658385,2026-09-03,"03 Sep 2026, 05:30 AM IST"
4461664466,https://in.linkedin.com/jobs/view/data-engineer-at-siemens-energy-4461664466,2026-09-03,"03 Sep 2026, 05:30 AM IST"
4461373885,https://in.linkedin.com/jobs/view/senior-snowflake-data-engineer-at-epam-systems-4461373885,2026-09-03,"03 Sep 2026, 05:30 AM IST"
4462815130,https://in.linkedin.com/jobs/view/consultant-data-engineer-at-allianz-services-4462815130,2026-09-03,"03 Sep 2026, 05:30 AM IST"
4460472817,https://in.linkedin.com/jobs/view/abinitio-data-engineer-at-barclays-4460472817,2026-09-03,"03 Sep 2026, 05:30 AM IST"
4461658978,https://in.linkedin.com/jobs/view/senior-data-engineer-apache-spark-and-sql-vice-president-at-citi-4461658978,2026-09-03,"03 Sep 2026, 05:30 AM IST"
4462827340,https://in.linkedin.com/jobs/view/data-engineer-at-travel-counsellors-australia-4462827340,2026-09-03,"03 Sep 2026, 05:30 AM IST"
4443909709,https://in.linkedin.com/jobs/view/data-engineer-at-tvh-4443909709,2026-09-03,"03 Sep 2026, 05:30 AM IST"
4462866148,https://in.linkedin.com/jobs/view/senior-data-engineer-at-h-mv-engineering-4462866148,2026-09-03,"03 Sep 2026, 05:30 AM IST"
4461603442,https://in.linkedin.com/jobs/view/de-a-data-engineering-at-zensar-technologies-4461603442,2026-09-03,"03 Sep 2026, 05:30 AM IST"
4460713909,https://in.linkedin.com/jobs/view/ab-initio-data-engineer-at-vois-4460713909,2026-09-03,"03 Sep 2026, 05:30 AM IST"
4462769169,https://in.linkedin.com/jobs/view/sr-data-engineer-at-infovision-inc-4462769169,2026-09-03,"03 Sep 2026, 05:30 AM IST"
4460474127,https://in.linkedin.com/jobs/view/senior-pyspark-developer-cloudera-iceberg-airflow-aws-tieto-tech-consulting-m-f-d-at-tieto-4460474127,2026-09-03,"03 Sep 2026, 05:30 AM IST"
4462731062,https://in.linkedin.com/jobs/view/data-engineer-iv-at-steerlean-consulting-4462731062,2026-09-03,"03 Sep 2026, 05:30 AM IST"
4460738142,https://in.linkedin.com/jobs/view/data-engineer-data-platforms-google-at-ibm-4460738142,2026-09-03,"03 Sep 2026, 05:30 AM IST"
4460703481,https://in.linkedin.com/jobs/view/data-engineer-at-virtusa-4460703481,2026-09-03,"03 Sep 2026, 05:30 AM IST"
4460499388,https://in.linkedin.com/jobs/view/data-engineer-at-virtusa-4460499388,2026-09-03,"03 Sep 2026, 05:30 AM IST"
4460497458,https://in.linkedin.com/jobs/view/data-engineer-at-virtusa-4460497458,2026-09-03,"03 Sep 2026, 05:30 AM IST"
4460714336,https://in.linkedin.com/jobs/view/data-engineer-at-virtusa-4460714336,2026-09-03,"03 Sep 2026, 05:30 AM IST"
4460703384,https://in.linkedin.com/jobs/view/kafka-data-engineer-at-virtusa-4460703384,2026-09-03,"03 Sep 2026, 05:30 AM IST"
4460496496,https://in.linkedin.com/jobs/view/data-engineer-at-virtusa-4460496496,2026-09-03,"03 Sep 2026, 05:30 AM IST"
4460717314,https://in.linkedin.com/jobs/view/azure-data-engineer-at-virtusa-4460717314,2026-09-03,"03 Sep 2026, 05:30 AM IST"
4460716227,https://in.linkedin.com/jobs/view/etl-testing-at-virtusa-4460716227,2026-09-03,"03 Sep 2026, 05:30 AM IST"
4460714363,https://in.linkedin.com/jobs/view/senior-data-engineer-at-virtusa-4460714363,2026-09-03,"03 Sep 2026, 05:30 AM IST"
4460716163,https://in.linkedin.com/jobs/view/data-engineer-python-aiml-data-retrieval-augmentation-at-virtusa-4460716163,2026-09-03,"03 Sep 2026, 05:30 AM IST"
4460499316,https://in.linkedin.com/jobs/view/data-engineer-python-aiml-data-retrieval-augmentation-at-virtusa-4460499316,2026-09-03,"03 Sep 2026, 05:30 AM IST"
4460714360,https://in.linkedin.com/jobs/view/data-engineer-at-virtusa-4460714360,2026-09-03,"03 Sep 2026, 05:30 AM IST"
4460713261,https://in.linkedin.com/jobs/view/data-engineer-python-sql-at-virtusa-4460713261,2026-09-03,"03 Sep 2026, 05:30 AM IST"
4460720314,https://in.linkedin.com/jobs/view/data-engineer-data-platforms-azure-at-ibm-4460720314,2026-09-03,"03 Sep 2026, 05:30 AM IST"
4460730195,https://in.linkedin.com/jobs/view/data-engineer-data-platforms-azure-at-ibm-4460730195,2026-09-03,"03 Sep 2026, 05:30 AM IST"
4462875201,https://in.linkedin.com/jobs/view/fabric-senior-data-engineer-at-exl-4462875201,2026-09-03,"03 Sep 2026, 05:30 AM IST"
4460709390,https://in.linkedin.com/jobs/view/sr-data-engineer-at-virtusa-4460709390,2026-09-03,"03 Sep 2026, 05:30 AM IST"
4460713246,https://in.linkedin.com/jobs/view/sr-data-engineer-at-virtusa-4460713246,2026-09-03,"03 Sep 2026, 05:30 AM IST"
4443133794,https://in.linkedin.com/jobs/view/senior-data-engineer-%E2%80%93-microsoft-fabric-data-integration-pune-chennai-at-wolters-kluwer-4443133794,2026-09-03,"02 Sep 2026, 05:30 AM IST"
4462479626,https://in.linkedin.com/jobs/view/data-engineer-at-advance-auto-parts-india-india-innovation-center-4462479626,2026-09-03,"02 Sep 2026, 05:30 AM IST"
4463133948,https://in.linkedin.com/jobs/view/data-engineer-ii-international-seller-growth-at-amazon-4463133948,2026-09-04,"04 Sep 2026, 05:30 AM IST"
4463156580,https://in.linkedin.com/jobs/view/senior-data-engineer-at-fox-tech-4463156580,2026-09-04,"04 Sep 2026, 05:30 AM IST"
4460795742,https://in.linkedin.com/jobs/view/data-engineer-%E2%80%93-specialist-at-carrier-4460795742,2026-09-04,"04 Sep 2026, 05:30 AM IST"
4461108702,https://in.linkedin.com/jobs/view/senior-data-engineer-at-clanx-4461108702,2026-09-04,"04 Sep 2026, 05:30 AM IST"
4463186732,https://in.linkedin.com/jobs/view/data-engineer-audience-intelligence-at-sportatlas-4463186732,2026-09-04,"04 Sep 2026, 05:30 AM IST"
4463189774,https://in.linkedin.com/jobs/view/senior-data-engineer-itc-at-sportatlas-4463189774,2026-09-04,"04 Sep 2026, 05:30 AM IST"
4463163953,https://in.linkedin.com/jobs/view/associate-%E2%80%93-data-engineer-data-business-coe-at-bain-company-4463163953,2026-09-04,"04 Sep 2026, 05:30 AM IST"
4460733155,https://in.linkedin.com/jobs/view/data-engineer-data-platforms-google-at-ibm-4460733155,2026-09-04,"03 Sep 2026, 05:30 AM IST"
4460739066,https://in.linkedin.com/jobs/view/gcp-data-engineer-senior-consultant-at-ey-4460739066,2026-09-04,"03 Sep 2026, 05:30 AM IST"
4460736630,https://in.linkedin.com/jobs/view/senior-data-engineer-data-engineering-at-mastercard-4460736630,2026-09-04,"03 Sep 2026, 05:30 AM IST"
4416641972,https://in.linkedin.com/jobs/view/senior-data-engineer-at-telus-digital-4416641972,2026-09-04,"03 Sep 2026, 05:30 AM IST"
4461901761,https://in.linkedin.com/jobs/view/lead-snowflake-data-engineer-at-epam-systems-4461901761,2026-09-04,"03 Sep 2026, 05:30 AM IST"
4461910694,https://in.linkedin.com/jobs/view/lead-snowflake-data-engineer-at-epam-systems-4461910694,2026-09-04,"03 Sep 2026, 05:30 AM IST"
4462852987,https://in.linkedin.com/jobs/view/senior-data-engineer-data-bricks-airflow-snowflake-ai-at-optum-india-4462852987,2026-09-04,"03 Sep 2026, 05:30 AM IST"
4460479452,https://in.linkedin.com/jobs/view/lead-ii-data-engineering-at-ust-4460479452,2026-09-04,"03 Sep 2026, 05:30 AM IST"
4425613374,https://in.linkedin.com/jobs/view/data-engineer-sr-dbt-at-ntt-data-north-america-4425613374,2026-09-04,"03 Sep 2026, 05:30 AM IST"
4462840032,https://in.linkedin.com/jobs/view/data-platform-modernization-engineer-junior-databricks-at-ntt-data-north-america-4462840032,2026-09-04,"03 Sep 2026, 05:30 AM IST"
4461661280,https://in.linkedin.com/jobs/view/data-engineer-at-otis-elevator-co-4461661280,2026-09-04,"03 Sep 2026, 05:30 AM IST"
4439550635,https://in.linkedin.com/jobs/view/vp-senior-data-engineer-at-blackrock-4439550635,2026-09-04,"03 Sep 2026, 05:30 AM IST"
4460768175,https://in.linkedin.com/jobs/view/senior-azure-data-engineer-at-marketvector-indexes-4460768175,2026-09-04,"03 Sep 2026, 05:30 AM IST"
4449048857,https://in.linkedin.com/jobs/view/senior-software-engineer-azure-data-engineer-at-cgi-4449048857,2026-09-04,"03 Sep 2026, 05:30 AM IST"
4457253512,https://in.linkedin.com/jobs/view/palantir-foundry-data-engineer-at-empower-india-4457253512,2026-09-04,"03 Sep 2026, 05:30 AM IST"
4463119335,https://in.linkedin.com/jobs/view/senior-software-engineer-gcp-data-engineer-at-cgi-4463119335,2026-09-04,"03 Sep 2026, 05:30 AM IST"
4462863115,https://in.linkedin.com/jobs/view/senior-data-engineering-consultant-at-optum-india-4462863115,2026-09-04,"03 Sep 2026, 05:30 AM IST"
4462872956,https://in.linkedin.com/jobs/view/specialist-data-engineering-at-charles-schwab-india-4462872956,2026-09-04,"03 Sep 2026, 05:30 AM IST"
4461622876,https://in.linkedin.com/jobs/view/lead-data-engineer-at-synergy-marine-group-4461622876,2026-09-04,"03 Sep 2026, 05:30 AM IST"
4460497515,https://in.linkedin.com/jobs/view/databricks-at-virtusa-4460497515,2026-09-04,"03 Sep 2026, 05:30 AM IST"
4460720312,https://in.linkedin.com/jobs/view/data-engineer-data-platforms-google-at-ibm-4460720312,2026-09-04,"03 Sep 2026, 05:30 AM IST"
4460711269,https://in.linkedin.com/jobs/view/data-engineer-at-virtusa-4460711269,2026-09-04,"03 Sep 2026, 05:30 AM IST"
4461697953,https://in.linkedin.com/jobs/view/senior-snowflake-data-engineer-at-epam-systems-4461697953,2026-09-04,"03 Sep 2026, 05:30 AM IST"
4461903704,https://in.linkedin.com/jobs/view/lead-snowflake-data-engineer-at-epam-systems-4461903704,2026-09-04,"03 Sep 2026, 05:30 AM IST"
4460719887,https://in.linkedin.com/jobs/view/data-engineer-data-platforms-google-at-ibm-4460719887,2026-09-04,"03 Sep 2026, 05:30 AM IST"
4460718986,https://in.linkedin.com/jobs/view/data-engineer-data-platforms-google-at-ibm-4460718986,2026-09-04,"03 Sep 2026, 05:30 AM IST"
4461953530,https://in.linkedin.com/jobs/view/senior-data-engineer-at-nextpower-4461953530,2026-09-04,"04 Sep 2026, 05:30 AM IST"
4461121886,https://in.linkedin.com/jobs/view/data-engineer-data-platforms-google-at-ibm-4461121886,2026-09-04,"04 Sep 2026, 05:30 AM IST"
4463349482,https://in.linkedin.com/jobs/view/data-engineer-ii-dsp-analytics-at-amazon-4463349482,2026-09-04,"04 Sep 2026, 05:30 AM IST"
4461120880,https://in.linkedin.com/jobs/view/data-engineer-data-platforms-google-at-ibm-4461120880,2026-09-04,"04 Sep 2026, 05:30 AM IST"
4461130762,https://in.linkedin.com/jobs/view/data-engineer-at-carrier-4461130762,2026-09-04,"04 Sep 2026, 05:30 AM IST"
4463315452,https://in.linkedin.com/jobs/view/security-data-engineer-at-ey-4463315452,2026-09-04,"04 Sep 2026, 05:30 AM IST"
4463357898,https://in.linkedin.com/jobs/view/data-engineer-at-hypersonix-inc-4463357898,2026-09-04,"04 Sep 2026, 05:30 AM IST"
4463145917,https://in.linkedin.com/jobs/view/interesting-job-opportunity-calfus-inc-senior-lead-data-engineer-etl-data-warehousing-at-calfus-inc-4463145917,2026-09-04,"04 Sep 2026, 05:30 AM IST"
4460786074,https://in.linkedin.com/jobs/view/senior-data-engineer-python-job-at-yash-technologies-middle-east-4460786074,2026-09-04,"04 Sep 2026, 05:30 AM IST"
4461139551,https://in.linkedin.com/jobs/view/data-engineer-data-platforms-azure-at-ibm-4461139551,2026-09-04,"04 Sep 2026, 05:30 AM IST"
4461147909,https://in.linkedin.com/jobs/view/sr-engineer-data-engineering-at-zelis-4461147909,2026-09-04,"04 Sep 2026, 05:30 AM IST"
4435180910,https://in.linkedin.com/jobs/view/senior-developer-data-engineer-at-ice-4435180910,2026-09-04,"04 Sep 2026, 05:30 AM IST"
4398618167,https://in.linkedin.com/jobs/view/senior-data-engineer-hybrid-work-model-at-quorum-software-4398618167,2026-09-04,"04 Sep 2026, 05:30 AM IST"
4461175515,https://in.linkedin.com/jobs/view/senior-data-engineer-at-barclays-4461175515,2026-09-04,"04 Sep 2026, 05:30 AM IST"
4463324775,https://in.linkedin.com/jobs/view/senior-data-engineer-data-bricks-airflow-snowflake-ai-at-optum-india-4463324775,2026-09-04,"04 Sep 2026, 05:30 AM IST"
4461169209,https://in.linkedin.com/jobs/view/ehs-s-data-engineer-senior-it-analyst-at-dow-4461169209,2026-09-04,"04 Sep 2026, 05:30 AM IST"
4461949530,https://in.linkedin.com/jobs/view/data-platform-engineer-at-zensar-technologies-4461949530,2026-09-04,"04 Sep 2026, 05:30 AM IST"
4463308490,https://in.linkedin.com/jobs/view/staff-data-engineer%E2%80%94-platform-data-at-greyorange-4463308490,2026-09-04,"04 Sep 2026, 05:30 AM IST"
4463343169,https://in.linkedin.com/jobs/view/aws-data-engineer-at-capgemini-4463343169,2026-09-04,"04 Sep 2026, 05:30 AM IST"
4460478777,https://in.linkedin.com/jobs/view/abinitio-data-engineer-at-barclays-4460478777,2026-09-04,"04 Sep 2026, 05:30 AM IST"
4463336664,https://in.linkedin.com/jobs/view/big-data-senior-engineer-at-iris-software-inc-4463336664,2026-09-04,"04 Sep 2026, 05:30 AM IST"
4444966452,https://in.linkedin.com/jobs/view/engineer-data-engineering-analytics-at-vishay-intertechnology-inc-4444966452,2026-09-04,"04 Sep 2026, 05:30 AM IST"
4463316813,https://in.linkedin.com/jobs/view/senior-software-engineer-sql-data-engineer-at-wells-fargo-4463316813,2026-09-04,"04 Sep 2026, 05:30 AM IST"
4461985134,https://in.linkedin.com/jobs/view/senior-data-ai-engineer-databricks-specialist-at-cognida-4461985134,2026-09-04,"04 Sep 2026, 05:30 AM IST"
4461167408,https://in.linkedin.com/jobs/view/senior-data-engineer-india-profisee-at-quantiphi-4461167408,2026-09-04,"04 Sep 2026, 05:30 AM IST"
4463386761,https://in.linkedin.com/jobs/view/senior-databricks-engineer-at-databeat-4463386761,2026-09-04,"04 Sep 2026, 05:30 AM IST"
4460343924,https://in.linkedin.com/jobs/view/senior-salesforce-data-engineer-at-first-advantage-4460343924,2026-09-04,"04 Sep 2026, 05:30 AM IST"
4463304225,https://in.linkedin.com/jobs/view/senior-data-engineer-backend-system-at-maropost-4463304225,2026-09-04,"04 Sep 2026, 05:30 AM IST"
4444486318,https://in.linkedin.com/jobs/view/data-platform-engineer-at-paxos-4444486318,2026-09-04,"04 Sep 2026, 05:30 AM IST"
4463329745,https://in.linkedin.com/jobs/view/lead-data-engineer-adfs-at-happiest-minds-technologies-4463329745,2026-09-04,"04 Sep 2026, 05:30 AM IST"
4461157555,https://in.linkedin.com/jobs/view/senior-azure-data-platform-engineer-at-crescenza-consulting-group-4461157555,2026-09-04,"04 Sep 2026, 05:30 AM IST"
4460734682,https://in.linkedin.com/jobs/view/senior-data-engineer-at-mastercard-4460734682,2026-09-04,"03 Sep 2026, 05:30 AM IST"
4462883556,https://in.linkedin.com/jobs/view/technical-specialist-data-engineer-l3-%E2%80%8B-as-at-deutsche-bank-4462883556,2026-09-04,"03 Sep 2026, 05:30 AM IST"
4463113436,https://in.linkedin.com/jobs/view/engineer-tsg-data-engineering-at-bain-company-4463113436,2026-09-04,"03 Sep 2026, 05:30 AM IST"
4462893153,https://in.linkedin.com/jobs/view/sr-data-engineer-at-avantor-4462893153,2026-09-04,"03 Sep 2026, 05:30 AM IST"
4462884346,https://in.linkedin.com/jobs/view/sr-data-engineer-at-avantor-4462884346,2026-09-04,"03 Sep 2026, 05:30 AM IST"
4463118157,https://in.linkedin.com/jobs/view/sr-engineer-data-analytics-engineering-at-lpl-financial-global-capability-center-4463118157,2026-09-04,"03 Sep 2026, 05:30 AM IST"
4463116244,https://in.linkedin.com/jobs/view/avp-senior-data-engineer-l11-at-synchrony-4463116244,2026-09-04,"03 Sep 2026, 05:30 AM IST"
4460766466,https://in.linkedin.com/jobs/view/it-servicemax-data-developer-at-johnson-controls-4460766466,2026-09-04,"03 Sep 2026, 05:30 AM IST"
4461716895,https://in.linkedin.com/jobs/view/engineer-tsg-data-engineering-at-bain-company-4461716895,2026-09-07,"07 Sep 2026, 05:30 AM IST"
4433711005,https://in.linkedin.com/jobs/view/sr-data-engineer-at-mcgraw-hill-4433711005,2026-09-07,"06 Sep 2026, 05:30 AM IST"
4464059027,https://in.linkedin.com/jobs/view/data-engineer-i-sps-at-amazon-4464059027,2026-09-07,"06 Sep 2026, 05:30 AM IST"
4428802481,https://in.linkedin.com/jobs/view/data-engineer-ii-snowflake-dbt-aws-at-first-citizens-india-4428802481,2026-09-07,"06 Sep 2026, 05:30 AM IST"
4433720893,https://in.linkedin.com/jobs/view/data-engineering-professional-ii-at-takeda-4433720893,2026-09-07,"06 Sep 2026, 05:30 AM IST"
4464019734,https://in.linkedin.com/jobs/view/senior-data-engineer-at-bureau-4464019734,2026-09-07,"06 Sep 2026, 05:30 AM IST"
4461856062,https://in.linkedin.com/jobs/view/data-engineer-at-tekwissen-india-4461856062,2026-09-07,"06 Sep 2026, 05:30 AM IST"
4406092220,https://in.linkedin.com/jobs/view/data-engineer-iii-at-walmart-global-tech-india-4406092220,2026-09-07,"06 Sep 2026, 05:30 AM IST"
4436771676,https://in.linkedin.com/jobs/view/advanced-data-engineer-at-honeywell-aerospace-4436771676,2026-09-07,"06 Sep 2026, 05:30 AM IST"
4444683992,https://in.linkedin.com/jobs/view/azure-databricks-developer-at-infosys-4444683992,2026-09-07,"06 Sep 2026, 05:30 AM IST"
4407395064,https://in.linkedin.com/jobs/view/data-engineer-senior-ii-11-at-fedex-acc-4407395064,2026-09-07,"06 Sep 2026, 05:30 AM IST"
4435707687,https://in.linkedin.com/jobs/view/scala-spark-pyspark-at-infosys-4435707687,2026-09-07,"06 Sep 2026, 05:30 AM IST"
4408776529,https://in.linkedin.com/jobs/view/data-engineer-senior-ii-3-at-fedex-4408776529,2026-09-07,"06 Sep 2026, 05:30 AM IST"
4441843616,https://in.linkedin.com/jobs/view/senior-data-engineer-at-kroll-4441843616,2026-09-07,"06 Sep 2026, 05:30 AM IST"
4436767837,https://in.linkedin.com/jobs/view/advanced-data-engineer-at-honeywell-aerospace-4436767837,2026-09-07,"06 Sep 2026, 05:30 AM IST"
4464048098,https://in.linkedin.com/jobs/view/data-engineer-selling-partner-insights-and-analytics-sps-at-amazon-4464048098,2026-09-07,"06 Sep 2026, 05:30 AM IST"
4435466360,https://in.linkedin.com/jobs/view/data-engineer-%E2%80%93-databricks-lakehouse-power-bi-environment-at-hillenbrand-4435466360,2026-09-07,"06 Sep 2026, 05:30 AM IST"
4335382130,https://in.linkedin.com/jobs/view/senior-gcp-data-engineer-at-infovision-inc-4335382130,2026-09-07,"06 Sep 2026, 05:30 AM IST"
4335392138,https://in.linkedin.com/jobs/view/senior-gcp-data-engineer-at-infovision-inc-4335392138,2026-09-07,"06 Sep 2026, 05:30 AM IST"
4435446147,https://in.linkedin.com/jobs/view/technical-lead-aws-data-engineering-lead-at-dentsu-global-services-4435446147,2026-09-07,"06 Sep 2026, 05:30 AM IST"
4428845147,https://in.linkedin.com/jobs/view/lead-data-engineer-snowflake-%2B-dbt-data-build-tools-at-first-citizens-india-4428845147,2026-09-07,"06 Sep 2026, 05:30 AM IST"
4413656445,https://in.linkedin.com/jobs/view/data-engineering-manager-at-takeda-4413656445,2026-09-07,"06 Sep 2026, 05:30 AM IST"
4406408648,https://in.linkedin.com/jobs/view/data-engineer-pan-india-at-digile-4406408648,2026-09-07,"06 Sep 2026, 05:30 AM IST"
4436909181,https://in.linkedin.com/jobs/view/data-engineer-at-cisco-4436909181,2026-09-07,"06 Sep 2026, 05:30 AM IST"
4435452923,https://in.linkedin.com/jobs/view/data-engineering-technical-lead-at-hillenbrand-4435452923,2026-09-07,"06 Sep 2026, 05:30 AM IST"
4428128819,https://in.linkedin.com/jobs/view/power-bi-snowflake-developer-data-analytics-engineer-developer-at-ntt-data-north-america-4428128819,2026-09-07,"06 Sep 2026, 05:30 AM IST"
4248783548,https://in.linkedin.com/jobs/view/senior-data-developer-azure-databricks%2Bcosmos-db-%2B-sql-%2B-etl%2Bssis-at-ups-4248783548,2026-09-07,"06 Sep 2026, 05:30 AM IST"
4462691254,https://in.linkedin.com/jobs/view/data-architect-lead-systems-engineer-at-autozone-4462691254,2026-09-07,"06 Sep 2026, 05:30 AM IST"
4248972491,https://in.linkedin.com/jobs/view/senior-data-developer-azure-databricks-%2B-sql-%2B-etl%2Bssis-at-ups-4248972491,2026-09-07,"06 Sep 2026, 05:30 AM IST"
4462682682,https://in.linkedin.com/jobs/view/data-scientist-ai-engineer-analytics-engineer-at-great-learning-4462682682,2026-09-07,"06 Sep 2026, 05:30 AM IST"
4462677963,https://in.linkedin.com/jobs/view/spclst-ai-data-engineering-at-carrier-4462677963,2026-09-07,"06 Sep 2026, 05:30 AM IST"
4426611928,https://in.linkedin.com/jobs/view/java-spark-angularjs-app-development-manager-c12-pune-at-citi-4426611928,2026-09-07,"06 Sep 2026, 05:30 AM IST"
4416160219,https://in.linkedin.com/jobs/view/lead-data-engineer-data-governance-compliance-at-nissan-motor-corporation-4416160219,2026-09-07,"06 Sep 2026, 05:30 AM IST"
4464310399,https://in.linkedin.com/jobs/view/it-developer-data-engineer-at-medtronic-4464310399,2026-09-07,"07 Sep 2026, 05:30 AM IST"
4462213808,https://in.linkedin.com/jobs/view/data-engineer-at-apexx-global-4462213808,2026-09-07,"07 Sep 2026, 05:30 AM IST"
4464305267,https://in.linkedin.com/jobs/view/data-engineer-data-products-at-kone-4464305267,2026-09-07,"07 Sep 2026, 05:30 AM IST"
4462967833,https://in.linkedin.com/jobs/view/data-engineer-at-at-dawn-technologies-4462967833,2026-09-07,"07 Sep 2026, 05:30 AM IST"
4462969845,https://in.linkedin.com/jobs/view/data-engineer-at-zensar-technologies-4462969845,2026-09-07,"07 Sep 2026, 05:30 AM IST"
4444811549,https://in.linkedin.com/jobs/view/python%2Betl%2Bpyspark-at-infosys-4444811549,2026-09-07,"07 Sep 2026, 05:30 AM IST"
4464363533,https://in.linkedin.com/jobs/view/data-engineer-2-at-jll-4464363533,2026-09-07,"07 Sep 2026, 05:30 AM IST"
4408783170,https://in.linkedin.com/jobs/view/data-engineer-senior-ii-6-at-fedex-4408783170,2026-09-07,"07 Sep 2026, 05:30 AM IST"
4455193062,https://in.linkedin.com/jobs/view/data-engineer-at-toro-technology-center-india-4455193062,2026-09-07,"07 Sep 2026, 05:30 AM IST"
4461898409,https://in.linkedin.com/jobs/view/lead-data-engineer-at-ust-4461898409,2026-09-07,"07 Sep 2026, 05:30 AM IST"
4407395063,https://in.linkedin.com/jobs/view/data-engineer-senior-ii-7-at-fedex-acc-4407395063,2026-09-07,"07 Sep 2026, 05:30 AM IST"
4462947247,https://in.linkedin.com/jobs/view/data-engineer-at-ada-4462947247,2026-09-07,"07 Sep 2026, 05:30 AM IST"
4455309140,https://in.linkedin.com/jobs/view/sr-data-engineer-at-amgen-4455309140,2026-09-07,"07 Sep 2026, 05:30 AM IST"
4462946419,https://in.linkedin.com/jobs/view/data-engineer-iii-databricks-at-the-standard-india-4462946419,2026-09-07,"07 Sep 2026, 05:30 AM IST"
4462202243,https://in.linkedin.com/jobs/view/data-engineer-data-platforms-google-at-ibm-4462202243,2026-09-07,"07 Sep 2026, 05:30 AM IST"
4464353803,https://in.linkedin.com/jobs/view/data-engineer-avp-at-natwest-group-4464353803,2026-09-07,"07 Sep 2026, 05:30 AM IST"
4462938447,https://in.linkedin.com/jobs/view/aws-data-engineer-at-exl-4462938447,2026-09-07,"07 Sep 2026, 05:30 AM IST"
4464352027,https://in.linkedin.com/jobs/view/sr-data-engineer-python-sql-exp-mandatory-at-salesforce-4464352027,2026-09-07,"07 Sep 2026, 05:30 AM IST"
4462969411,https://in.linkedin.com/jobs/view/senior-data-engineer-at-gartner-4462969411,2026-09-07,"07 Sep 2026, 05:30 AM IST"
4462213635,https://in.linkedin.com/jobs/view/data-engineer-data-platforms-azure-at-ibm-4462213635,2026-09-07,"07 Sep 2026, 05:30 AM IST"
4462212153,https://in.linkedin.com/jobs/view/data-engineer-talend-at-c5i-4462212153,2026-09-07,"07 Sep 2026, 05:30 AM IST"
4464315135,https://in.linkedin.com/jobs/view/anaplan-data-engineer-at-mattel-inc-4464315135,2026-09-07,"07 Sep 2026, 05:30 AM IST"
4464346835,https://in.linkedin.com/jobs/view/data-engineer-avp-at-natwest-group-4464346835,2026-09-07,"07 Sep 2026, 05:30 AM IST"
4464357133,https://in.linkedin.com/jobs/view/principal-data-engineer-at-osi-digital-4464357133,2026-09-07,"07 Sep 2026, 05:30 AM IST"
4464333329,https://in.linkedin.com/jobs/view/senior-data-engineer-at-uplers-4464333329,2026-09-07,"07 Sep 2026, 05:30 AM IST"
4462225902,https://in.linkedin.com/jobs/view/ind-staff-data-engineer-at-the-hartford-india-4462225902,2026-09-07,"07 Sep 2026, 05:30 AM IST"
4464327515,https://in.linkedin.com/jobs/view/data-engineer-at-minfy-4464327515,2026-09-07,"07 Sep 2026, 05:30 AM IST"
4315708582,https://in.linkedin.com/jobs/view/senior-data-analytics-engineer-at-blinkrx-4315708582,2026-09-07,"07 Sep 2026, 05:30 AM IST"
4462216078,https://in.linkedin.com/jobs/view/data-engineering-lead-at-verdantas-4462216078,2026-09-07,"07 Sep 2026, 05:30 AM IST"
4462950788,https://in.linkedin.com/jobs/view/lead-data-engineer-at-synergy-marine-group-4462950788,2026-09-07,"07 Sep 2026, 05:30 AM IST"
4455262177,https://in.linkedin.com/jobs/view/senior-staff-data-engineer-bi-%E2%80%93-ceg-team-at-agoda-4455262177,2026-09-07,"07 Sep 2026, 05:30 AM IST"
4464325430,https://in.linkedin.com/jobs/view/data-engineer-i-at-te-connectivity-4464325430,2026-09-07,"07 Sep 2026, 05:30 AM IST"
4464308181,https://in.linkedin.com/jobs/view/data-engineer-at-wipro-4464308181,2026-09-07,"07 Sep 2026, 05:30 AM IST"
4418485224,https://in.linkedin.com/jobs/view/digital-cloud-data-platform-sr-engineer-at-black-veatch-4418485224,2026-09-07,"07 Sep 2026, 05:30 AM IST"
4461890074,https://in.linkedin.com/jobs/view/lead-data-engineer-adfs-at-happiest-minds-technologies-4461890074,2026-09-07,"07 Sep 2026, 05:30 AM IST"
4464303416,https://in.linkedin.com/jobs/view/assistant-vice-president-technology-data-engineering-at-mashreq-4464303416,2026-09-07,"07 Sep 2026, 05:30 AM IST"
4335462020,https://in.linkedin.com/jobs/view/senior-gcp-data-engineer-at-infovision-inc-4335462020,2026-09-07,"07 Sep 2026, 05:30 AM IST"
4464384202,https://in.linkedin.com/jobs/view/etl-pentaho-developer-as-at-deutsche-bank-4464384202,2026-09-07,"07 Sep 2026, 05:30 AM IST"
4462952171,https://in.linkedin.com/jobs/view/data-architect-at-tarento-group-4462952171,2026-09-07,"07 Sep 2026, 05:30 AM IST"
4433727734,https://in.linkedin.com/jobs/view/data-engineering-professional-ii-at-takeda-4433727734,2026-09-07,"06 Sep 2026, 05:30 AM IST"
4461856068,https://in.linkedin.com/jobs/view/data-engineer-at-tekwissen-india-4461856068,2026-09-07,"06 Sep 2026, 05:30 AM IST"
4464458584,https://in.linkedin.com/jobs/view/senior-spark-pyspark-data-engineer-at-web-spiders-4464458584,2026-09-08,"08 Sep 2026, 05:30 AM IST"
4428280019,https://in.linkedin.com/jobs/view/track-data-strategy-data-engineer-senior-associate-at-pwc-acceleration-center-india-4428280019,2026-09-08,"07 Sep 2026, 05:30 AM IST"
4463248258,https://in.linkedin.com/jobs/view/data-engineer-aws%2Bpyspark-at-zensar-technologies-4463248258,2026-09-08,"08 Sep 2026, 05:30 AM IST"
4462999808,https://in.linkedin.com/jobs/view/data-engineer-iii-at-pearson-4462999808,2026-09-08,"08 Sep 2026, 05:30 AM IST"
4463200351,https://in.linkedin.com/jobs/view/data-engineer-iii-at-pearson-4463200351,2026-09-08,"08 Sep 2026, 05:30 AM IST"
4462277173,https://in.linkedin.com/jobs/view/data-engineer-databricks-at-happiest-minds-technologies-4462277173,2026-09-08,"08 Sep 2026, 05:30 AM IST"
4462267177,https://in.linkedin.com/jobs/view/data-engineer-iics-job-at-yash-technologies-middle-east-4462267177,2026-09-08,"08 Sep 2026, 05:30 AM IST"
4462999809,https://in.linkedin.com/jobs/view/lead-data-engineer-at-boston-insights-4462999809,2026-09-08,"08 Sep 2026, 05:30 AM IST"
4463240329,https://in.linkedin.com/jobs/view/oracle-data-engineer-at-zigsaw-4463240329,2026-09-08,"08 Sep 2026, 05:30 AM IST"
4463243069,https://in.linkedin.com/jobs/view/iot-analytics-engineer-at-job-scouts-com-4463243069,2026-09-08,"08 Sep 2026, 05:30 AM IST"
4461896341,https://in.linkedin.com/jobs/view/data-engineer-data-platforms-google-at-ibm-4461896341,2026-09-08,"07 Sep 2026, 05:30 AM IST"
4462223584,https://in.linkedin.com/jobs/view/data-engineer-data-platforms-google-at-ibm-4462223584,2026-09-08,"07 Sep 2026, 05:30 AM IST"
4460226714,https://in.linkedin.com/jobs/view/sr-data-engineer-at-balfour-beatty-india-4460226714,2026-09-08,"07 Sep 2026, 05:30 AM IST"
4408784121,https://in.linkedin.com/jobs/view/data-engineer-senior-ii-11-at-fedex-4408784121,2026-09-08,"07 Sep 2026, 05:30 AM IST"
4408784128,https://in.linkedin.com/jobs/view/data-engineer-senior-ii-12-at-fedex-4408784128,2026-09-08,"07 Sep 2026, 05:30 AM IST"
4462976540,https://in.linkedin.com/jobs/view/data-engineer-at-cummins-india-4462976540,2026-09-08,"07 Sep 2026, 05:30 AM IST"
4462928857,https://in.linkedin.com/jobs/view/data-engineer-python-aws-sql-at-lseg-4462928857,2026-09-08,"07 Sep 2026, 05:30 AM IST"
4464343880,https://in.linkedin.com/jobs/view/data-engineer-avp-at-natwest-group-4464343880,2026-09-08,"07 Sep 2026, 05:30 AM IST"
4464344876,https://in.linkedin.com/jobs/view/data-engineer-avp-at-natwest-group-4464344876,2026-09-08,"07 Sep 2026, 05:30 AM IST"
4464388364,https://in.linkedin.com/jobs/view/sr-data-engineer-python-sql-exp-mandatory-at-salesforce-ad-4464388364,2026-09-08,"07 Sep 2026, 05:30 AM IST"
4464387247,https://in.linkedin.com/jobs/view/senior-software-engineer-etl-developer-with-talend-at-cgi-4464387247,2026-09-08,"07 Sep 2026, 05:30 AM IST"
4464090382,https://in.linkedin.com/jobs/view/lead-data-engineer-at-ntt-data-north-america-4464090382,2026-09-08,"07 Sep 2026, 05:30 AM IST"
4443278415,https://in.linkedin.com/jobs/view/senior-specialist-data-platform-engineer-informatica-at-charles-schwab-india-4443278415,2026-09-08,"07 Sep 2026, 05:30 AM IST"
4464407351,https://in.linkedin.com/jobs/view/senior-snowflake-data-engineer-remote-jobs-in-india-at-digitalxnode-4464407351,2026-09-08,"07 Sep 2026, 05:30 AM IST"
4464314656,https://in.linkedin.com/jobs/view/platform-engineer-sap-bw-and-data-platforms-req38267-at-the-world-bank-group-4464314656,2026-09-08,"07 Sep 2026, 05:30 AM IST"
4462276492,https://in.linkedin.com/jobs/view/data-engineer-data-platforms-google-at-ibm-4462276492,2026-09-08,"08 Sep 2026, 05:30 AM IST"
4462290278,https://in.linkedin.com/jobs/view/data-engineer-data-platforms-google-at-ibm-4462290278,2026-09-08,"08 Sep 2026, 05:30 AM IST"
4464479790,https://in.linkedin.com/jobs/view/data-engineer-azure-databricks-at-happiest-minds-technologies-4464479790,2026-09-08,"08 Sep 2026, 05:30 AM IST"
4455302929,https://in.linkedin.com/jobs/view/data-engineer-at-amgen-4455302929,2026-09-08,"08 Sep 2026, 05:30 AM IST"
4463516000,https://in.linkedin.com/jobs/view/senior-data-engineer-at-synechron-4463516000,2026-09-08,"08 Sep 2026, 05:30 AM IST"
4462261892,https://in.linkedin.com/jobs/view/data-engineering-professional-l-at-takeda-4462261892,2026-09-08,"08 Sep 2026, 05:30 AM IST"
4463265031,https://in.linkedin.com/jobs/view/senior-data-engineer-at-ust-4463265031,2026-09-08,"08 Sep 2026, 05:30 AM IST"
4463282788,https://in.linkedin.com/jobs/view/senior-associate-gcp-data-engineer-at-equinix-4463282788,2026-09-08,"08 Sep 2026, 05:30 AM IST"
4462281305,https://in.linkedin.com/jobs/view/data-engineer-data-platforms-azure-at-ibm-4462281305,2026-09-08,"08 Sep 2026, 05:30 AM IST"
4464463888,https://in.linkedin.com/jobs/view/principal-data-engineer-at-movate-4464463888,2026-09-08,"08 Sep 2026, 05:30 AM IST"
4463515064,https://in.linkedin.com/jobs/view/senior-data-engineer-at-dario-4463515064,2026-09-08,"08 Sep 2026, 05:30 AM IST"
4463501714,https://in.linkedin.com/jobs/view/data-engineering-analyst-at-trane-technologies-4463501714,2026-09-08,"08 Sep 2026, 05:30 AM IST"
4462505779,https://in.linkedin.com/jobs/view/lead-ii-data-engineering-at-ust-4462505779,2026-09-08,"08 Sep 2026, 05:30 AM IST"
4464486568,https://in.linkedin.com/jobs/view/data-engineer-1-2-years-of-experience-in-java-python-go-kafka-flink-hadoop-at-visa-4464486568,2026-09-08,"08 Sep 2026, 05:30 AM IST"
4462502834,https://in.linkedin.com/jobs/view/data-engineering-senior-analyst-at-the-cigna-group-4462502834,2026-09-08,"08 Sep 2026, 05:30 AM IST"
4463251439,https://in.linkedin.com/jobs/view/data-engineer-dbt-sql-at-zensar-technologies-4463251439,2026-09-08,"08 Sep 2026, 05:30 AM IST"
4464464514,https://in.linkedin.com/jobs/view/senior-software-engineer-python-spark-iceberg-hive-at-wells-fargo-4464464514,2026-09-08,"08 Sep 2026, 05:30 AM IST"
4462280522,https://in.linkedin.com/jobs/view/senior-data-engineer-at-telef%C3%B3nica-tech-en-4462280522,2026-09-08,"08 Sep 2026, 05:30 AM IST"
4462503503,https://in.linkedin.com/jobs/view/data-engineering-specialist-at-bt-group-4462503503,2026-09-08,"08 Sep 2026, 05:30 AM IST"
4462523603,https://in.linkedin.com/jobs/view/senior-data-engineer-at-procter-gamble-4462523603,2026-09-08,"08 Sep 2026, 05:30 AM IST"
4464377962,https://in.linkedin.com/jobs/view/junior-data-engineer-at-saaf-finance-4464377962,2026-09-08,"07 Sep 2026, 05:30 AM IST"
4463598453,https://in.linkedin.com/jobs/view/senior-data-engineering-analyst-at-optum-india-4463598453,2026-09-09,"09 Sep 2026, 05:30 AM IST"
4463806481,https://in.linkedin.com/jobs/view/data-engineer-at-opengov-inc-4463806481,2026-09-09,"09 Sep 2026, 05:30 AM IST"
4464932261,https://in.linkedin.com/jobs/view/interesting-job-opportunity-qx-impact-senior-data-engineer-at-qx-impact-4464932261,2026-09-09,"09 Sep 2026, 05:30 AM IST"
4463586746,https://in.linkedin.com/jobs/view/data-engineer-assistant-vice-president-at-citi-4463586746,2026-09-09,"09 Sep 2026, 05:30 AM IST"
4464915704,https://in.linkedin.com/jobs/view/gspann-aws-data-engineer-at-gspann-technologies-inc-4464915704,2026-09-09,"09 Sep 2026, 05:30 AM IST"
4463598451,https://in.linkedin.com/jobs/view/senior-data-engineering-consultant-snowflake-at-optum-india-4463598451,2026-09-09,"09 Sep 2026, 05:30 AM IST"
4464932443,https://in.linkedin.com/jobs/view/data-engineer-at-fetchjobs-co-4464932443,2026-09-09,"09 Sep 2026, 05:30 AM IST"
4464989026,https://in.linkedin.com/jobs/view/data-engineer-at-sourcebae-4464989026,2026-09-09,"09 Sep 2026, 05:30 AM IST"
4464639420,https://in.linkedin.com/jobs/view/data-engineer-at-x-rite-4464639420,2026-09-09,"08 Sep 2026, 05:30 AM IST"
4462517824,https://in.linkedin.com/jobs/view/data-engineer-data-platforms-azure-at-ibm-4462517824,2026-09-09,"08 Sep 2026, 05:30 AM IST"
4464466752,https://in.linkedin.com/jobs/view/principal-data-engineer-at-movate-4464466752,2026-09-09,"08 Sep 2026, 05:30 AM IST"
4464494832,https://in.linkedin.com/jobs/view/data-engineer-cloud-operations-at-paccar-4464494832,2026-09-09,"08 Sep 2026, 05:30 AM IST"
4463508141,https://in.linkedin.com/jobs/view/pyspark-developer-at-infosys-4463508141,2026-09-09,"08 Sep 2026, 05:30 AM IST"
4248974128,https://in.linkedin.com/jobs/view/senior-data-developer-azure-databricks-%2B-sql-%2B-etl%2Bssis-at-ups-4248974128,2026-09-09,"08 Sep 2026, 05:30 AM IST"
4463545788,https://in.linkedin.com/jobs/view/etl-database-at-ascendion-4463545788,2026-09-09,"08 Sep 2026, 05:30 AM IST"
4464469977,https://in.linkedin.com/jobs/view/in-senior-associate-databricks-engineer-data-analytics-advisory-bangalore-at-pwc-india-4464469977,2026-09-09,"08 Sep 2026, 05:30 AM IST"
4463848041,https://in.linkedin.com/jobs/view/data-engineer-at-indium-4463848041,2026-09-09,"09 Sep 2026, 05:30 AM IST"
4463019759,https://in.linkedin.com/jobs/view/data-engineer-at-argano-4463019759,2026-09-09,"09 Sep 2026, 05:30 AM IST"
4417035753,https://in.linkedin.com/jobs/view/senior-data-engineer-at-valtech-4417035753,2026-09-09,"09 Sep 2026, 05:30 AM IST"
4463037783,https://in.linkedin.com/jobs/view/data-engineer-data-platforms-aws-at-ibm-4463037783,2026-09-09,"09 Sep 2026, 05:30 AM IST"
4464985817,https://in.linkedin.com/jobs/view/senior-big-data-engineer-i-at-metlife-4464985817,2026-09-09,"09 Sep 2026, 05:30 AM IST"
4463853117,https://in.linkedin.com/jobs/view/data-engineer-for-rr-at-quest-global-4463853117,2026-09-09,"09 Sep 2026, 05:30 AM IST"
4463041541,https://in.linkedin.com/jobs/view/aws-data-engineer-vois-at-vois-4463041541,2026-09-09,"09 Sep 2026, 05:30 AM IST"
4463876471,https://in.linkedin.com/jobs/view/senior-data-engineer-at-crisil-4463876471,2026-09-09,"09 Sep 2026, 05:30 AM IST"
4463038246,https://in.linkedin.com/jobs/view/data-engineer-india-operations-at-bridgestone-americas-4463038246,2026-09-09,"09 Sep 2026, 05:30 AM IST"
4463831079,https://in.linkedin.com/jobs/view/data-engineer-at-acura-solutions-ltd-4463831079,2026-09-09,"09 Sep 2026, 05:30 AM IST"
4465064943,https://in.linkedin.com/jobs/view/data-engineer-at-anz-4465064943,2026-09-09,"09 Sep 2026, 05:30 AM IST"
4465015770,https://in.linkedin.com/jobs/view/data-lake-sme-at-hewlett-packard-enterprise-4465015770,2026-09-09,"09 Sep 2026, 05:30 AM IST"
4463851091,https://in.linkedin.com/jobs/view/gcp-data-engineer-at-capco-4463851091,2026-09-09,"09 Sep 2026, 05:30 AM IST"
4463041813,https://in.linkedin.com/jobs/view/data-engineer-data-platforms-aws-at-ibm-4463041813,2026-09-09,"09 Sep 2026, 05:30 AM IST"
4463032256,https://in.linkedin.com/jobs/view/senior-data-engineer-at-bridgestone-americas-4463032256,2026-09-09,"09 Sep 2026, 05:30 AM IST"
4463815451,https://in.linkedin.com/jobs/view/data-engineer-databricks-%2B-ai-at-infocepts-4463815451,2026-09-09,"09 Sep 2026, 05:30 AM IST"
4465024411,https://in.linkedin.com/jobs/view/data-engineer-vp-at-natwest-group-4465024411,2026-09-09,"09 Sep 2026, 05:30 AM IST"
4465041972,https://in.linkedin.com/jobs/view/business-consulting-data-engineer-at-ntt-data-north-america-4465041972,2026-09-09,"09 Sep 2026, 05:30 AM IST"
4458796687,https://in.linkedin.com/jobs/view/etl-developer-senior-associate-at-state-street-4458796687,2026-09-09,"09 Sep 2026, 05:30 AM IST"
4458795696,https://in.linkedin.com/jobs/view/senior-software-engineer-data-integration-officer-at-state-street-4458795696,2026-09-09,"09 Sep 2026, 05:30 AM IST"
4465052200,https://in.linkedin.com/jobs/view/senior-data-platform-engineer-at-deutsche-bank-4465052200,2026-09-09,"09 Sep 2026, 05:30 AM IST"
4463031019,https://in.linkedin.com/jobs/view/senior-software-engineer-data-license-analytics-pune-at-bloomberg-4463031019,2026-09-09,"09 Sep 2026, 05:30 AM IST"
4463060313,https://in.linkedin.com/jobs/view/principal-data-engineer-at-mastercard-4463060313,2026-09-09,"09 Sep 2026, 05:30 AM IST"
4464925123,https://in.linkedin.com/jobs/view/lead-data-engineer-databricks-pyspark-gcp-at-egen-4464925123,2026-09-09,"08 Sep 2026, 05:30 AM IST"
4462561007,https://in.linkedin.com/jobs/view/aws-data-engineer-at-barclays-4462561007,2026-09-09,"08 Sep 2026, 05:30 AM IST"
4465382115,https://in.linkedin.com/jobs/view/data-engineer-at-fox-corporation-4465382115,2026-09-10,"10 Sep 2026, 05:30 AM IST"
4465365492,https://in.linkedin.com/jobs/view/simform-solutions-senior-data-engineer-snowflake-data-build-tool-at-simform-4465365492,2026-09-10,"10 Sep 2026, 05:30 AM IST"
4465375369,https://in.linkedin.com/jobs/view/qx-impact-senior-data-engineer-at-qx-impact-4465375369,2026-09-10,"10 Sep 2026, 05:30 AM IST"
4465042271,https://in.linkedin.com/jobs/view/gcp-data-engineer-at-capco-4465042271,2026-09-10,"09 Sep 2026, 05:30 AM IST"
4463848176,https://in.linkedin.com/jobs/view/data-engineer-specialist-at-vanguard-india-4463848176,2026-09-10,"09 Sep 2026, 05:30 AM IST"
4446055487,https://in.linkedin.com/jobs/view/senior-data-engineer-at-kroll-4446055487,2026-09-10,"09 Sep 2026, 05:30 AM IST"
4463889519,https://in.linkedin.com/jobs/view/data-engineer-data-architecture-and-engineering-gtech-strategy-and-operations-at-google-4463889519,2026-09-10,"09 Sep 2026, 05:30 AM IST"
4465058289,https://in.linkedin.com/jobs/view/data-engineer-at-gradera-4465058289,2026-09-10,"09 Sep 2026, 05:30 AM IST"
4463066687,https://in.linkedin.com/jobs/view/senior-data-engineer-at-better-cotton-initiative-4463066687,2026-09-10,"09 Sep 2026, 05:30 AM IST"
4248969877,https://in.linkedin.com/jobs/view/senior-data-engineer-data-bricks-at-ups-4248969877,2026-09-10,"09 Sep 2026, 05:30 AM IST"
4465348075,https://in.linkedin.com/jobs/view/spcialist-data-engineering-at-msd-4465348075,2026-09-10,"09 Sep 2026, 05:30 AM IST"
4465342128,https://in.linkedin.com/jobs/view/specialist-data-engineering-at-msd-4465342128,2026-09-10,"09 Sep 2026, 05:30 AM IST"
4465072537,https://in.linkedin.com/jobs/view/data-engineer-specialist-at-vanguard-4465072537,2026-09-10,"09 Sep 2026, 05:30 AM IST"
4455945709,https://in.linkedin.com/jobs/view/sr-azure-data-engineer-at-cgi-4455945709,2026-09-10,"09 Sep 2026, 05:30 AM IST"
4463026793,https://in.linkedin.com/jobs/view/data-engineer-data-platforms-databricks-at-ibm-4463026793,2026-09-10,"09 Sep 2026, 05:30 AM IST"
4465022810,https://in.linkedin.com/jobs/view/principal-data-engineer-at-hg-insights-4465022810,2026-09-10,"09 Sep 2026, 05:30 AM IST"
4465023192,https://in.linkedin.com/jobs/view/technical-lead-data-engineering-at-rakuten-symphony-4465023192,2026-09-10,"09 Sep 2026, 05:30 AM IST"
4465307882,https://in.linkedin.com/jobs/view/data-specialist-senior-data-engineer-at-caterpillar-inc-4465307882,2026-09-10,"09 Sep 2026, 05:30 AM IST"
4465053825,https://in.linkedin.com/jobs/view/lead-data-engineer-at-arrive-4465053825,2026-09-10,"09 Sep 2026, 05:30 AM IST"
4464150062,https://in.linkedin.com/jobs/view/senior-data-engineer-assistant-vice-president-at-citi-4464150062,2026-09-10,"09 Sep 2026, 05:30 AM IST"
4465022204,https://in.linkedin.com/jobs/view/senior-data-engineer-supply-chain-at-cognite-4465022204,2026-09-10,"09 Sep 2026, 05:30 AM IST"
4463011421,https://in.linkedin.com/jobs/view/gen-ai-data-engineering-azure-at-gainwell-technologies-4463011421,2026-09-10,"09 Sep 2026, 05:30 AM IST"
4465312731,https://in.linkedin.com/jobs/view/full-stack-data-engineer-at-convatec-4465312731,2026-09-10,"09 Sep 2026, 05:30 AM IST"
4455256706,https://in.linkedin.com/jobs/view/reference-data-engineer-6%2B-years-in-data-engineering-data-pipelines-and-java-at-fis-4455256706,2026-09-10,"09 Sep 2026, 05:30 AM IST"
4465301787,https://in.linkedin.com/jobs/view/vice-president-data-engineering-aladdin-data-at-blackrock-4465301787,2026-09-10,"09 Sep 2026, 05:30 AM IST"
4453424220,https://in.linkedin.com/jobs/view/senior-lead-data-engineering-at-northern-trust-4453424220,2026-09-10,"09 Sep 2026, 05:30 AM IST"
4465325103,https://in.linkedin.com/jobs/view/senior-spark-pyspark-data-engineer-at-web-spiders-4465325103,2026-09-10,"09 Sep 2026, 05:30 AM IST"
4463437669,https://in.linkedin.com/jobs/view/data-engineer-data-platforms-google-at-ibm-4463437669,2026-09-10,"10 Sep 2026, 05:30 AM IST"
4456356753,https://in.linkedin.com/jobs/view/data-engineer-i-smartcommerce-at-amazon-4456356753,2026-09-10,"10 Sep 2026, 05:30 AM IST"
4464188851,https://in.linkedin.com/jobs/view/data-engineer-at-fractal-4464188851,2026-09-10,"10 Sep 2026, 05:30 AM IST"
4465655133,https://in.linkedin.com/jobs/view/data-engineer-2-at-jll-4465655133,2026-09-10,"10 Sep 2026, 05:30 AM IST"
4464500852,https://in.linkedin.com/jobs/view/databricks-engineer-at-crisil-4464500852,2026-09-10,"10 Sep 2026, 05:30 AM IST"
4465804659,https://in.linkedin.com/jobs/view/senior-data-engineer-at-radancy-4465804659,2026-09-10,"10 Sep 2026, 05:30 AM IST"
4465635569,https://in.linkedin.com/jobs/view/data-engineer-at-natwest-group-4465635569,2026-09-10,"10 Sep 2026, 05:30 AM IST"
4463425822,https://in.linkedin.com/jobs/view/data-engineering-at-ust-4463425822,2026-09-10,"10 Sep 2026, 05:30 AM IST"
4461998163,https://in.linkedin.com/jobs/view/databricks-technical-specialist-data-engg-at-birlasoft-4461998163,2026-09-10,"10 Sep 2026, 05:30 AM IST"
4456464414,https://in.linkedin.com/jobs/view/data-engineer-at-kumaran-systems-4456464414,2026-09-10,"10 Sep 2026, 05:30 AM IST"
4456470339,https://in.linkedin.com/jobs/view/databricks-developer-at-kumaran-systems-4456470339,2026-09-10,"10 Sep 2026, 05:30 AM IST"
4465695034,https://in.linkedin.com/jobs/view/data-engineer-2-at-microsoft-4465695034,2026-09-10,"10 Sep 2026, 05:30 AM IST"
4463079768,https://in.linkedin.com/jobs/view/senior-data-engineer-at-n-able-4463079768,2026-09-10,"10 Sep 2026, 05:30 AM IST"
4463419791,https://in.linkedin.com/jobs/view/senior-data-engineer-azure-synapse-at-quantiphi-4463419791,2026-09-10,"10 Sep 2026, 05:30 AM IST"
4463468548,https://in.linkedin.com/jobs/view/data-engineer-gcp-big-query-at-vois-4463468548,2026-09-10,"10 Sep 2026, 05:30 AM IST"
4463491222,https://in.linkedin.com/jobs/view/de-senior-python-data-engineer-at-ey-4463491222,2026-09-10,"10 Sep 2026, 05:30 AM IST"
4248784270,https://in.linkedin.com/jobs/view/senior-data-developer-azure-databricks%2Bcosmos-db-%2B-sql-%2B-etl%2Bssis-at-ups-4248784270,2026-09-10,"10 Sep 2026, 05:30 AM IST"
4463418814,https://in.linkedin.com/jobs/view/senior-data-engineer-consultant-immediate-joiners-only-%E2%80%93-4%2B-years-at-gyansys-inc-4463418814,2026-09-10,"10 Sep 2026, 05:30 AM IST"
4464517925,https://in.linkedin.com/jobs/view/azure-data-engineer-at-harjai-technologies-4464517925,2026-09-10,"10 Sep 2026, 05:30 AM IST"
4465665255,https://in.linkedin.com/jobs/view/distinguished-data-engineer-at-fidelity-international-4465665255,2026-09-10,"10 Sep 2026, 05:30 AM IST"
4465644216,https://in.linkedin.com/jobs/view/front-office-data-engineer-at-brevan-howard-4465644216,2026-09-10,"10 Sep 2026, 05:30 AM IST"
4465641481,https://in.linkedin.com/jobs/view/data-engineer-at-natwest-group-4465641481,2026-09-10,"10 Sep 2026, 05:30 AM IST"
4464525676,https://in.linkedin.com/jobs/view/data-engineer-%E2%80%93-sas-etl-oracle-database-sql-control-m-at-synechron-4464525676,2026-09-10,"10 Sep 2026, 05:30 AM IST"
4465643146,https://in.linkedin.com/jobs/view/consultant-sr-consultant-consumer-analytics-data-engineering-at-eli-lilly-and-company-4465643146,2026-09-10,"10 Sep 2026, 05:30 AM IST"
4463490379,https://in.linkedin.com/jobs/view/lead-engineer-data-engineering-at-cencora-4463490379,2026-09-10,"10 Sep 2026, 05:30 AM IST"
4446737117,https://in.linkedin.com/jobs/view/lead-data-engineer-at-exl-4446737117,2026-09-10,"10 Sep 2026, 05:30 AM IST"
4446729217,https://in.linkedin.com/jobs/view/azure-data-engineer-at-exl-4446729217,2026-09-10,"10 Sep 2026, 05:30 AM IST"
4461986960,https://in.linkedin.com/jobs/view/databricks-technical-lead-data-engg-at-birlasoft-4461986960,2026-09-10,"10 Sep 2026, 05:30 AM IST"
4461999087,https://in.linkedin.com/jobs/view/databricks-technical-lead-data-engg-at-birlasoft-4461999087,2026-09-10,"10 Sep 2026, 05:30 AM IST"
4448218115,https://in.linkedin.com/jobs/view/databricks-%2B-pyspark-technical-lead-data-engg-at-birlasoft-4448218115,2026-09-10,"10 Sep 2026, 05:30 AM IST"
4448221016,https://in.linkedin.com/jobs/view/databricks-%2B-pyspark-technical-lead-data-engg-at-birlasoft-4448221016,2026-09-10,"10 Sep 2026, 05:30 AM IST"
4446742096,https://in.linkedin.com/jobs/view/microsoft-fabric-data-engineer-at-exl-4446742096,2026-09-10,"10 Sep 2026, 05:30 AM IST"
4454285515,https://in.linkedin.com/jobs/view/databricks-technical-specialist-data-engg-at-birlasoft-4454285515,2026-09-10,"10 Sep 2026, 05:30 AM IST"
4446732201,https://in.linkedin.com/jobs/view/gcp-data-engineer-at-exl-4446732201,2026-09-10,"10 Sep 2026, 05:30 AM IST"
4463438700,https://in.linkedin.com/jobs/view/data-engineer-data-platforms-azure-at-ibm-4463438700,2026-09-10,"10 Sep 2026, 05:30 AM IST"
4463483792,https://in.linkedin.com/jobs/view/data-engineer-data-platforms-azure-at-ibm-4463483792,2026-09-10,"10 Sep 2026, 05:30 AM IST"
4463490332,https://in.linkedin.com/jobs/view/data-engineer-data-platforms-azure-at-ibm-4463490332,2026-09-10,"10 Sep 2026, 05:30 AM IST"
4465362352,https://in.linkedin.com/jobs/view/senior-data-engineer-das-fintech-at-amazon-4465362352,2026-09-10,"10 Sep 2026, 05:30 AM IST"
4464141120,https://in.linkedin.com/jobs/view/big-data-engineer-python-and-spark-at-citi-4464141120,2026-09-10,"09 Sep 2026, 05:30 AM IST"
4465369223,https://in.linkedin.com/jobs/view/etl-data-senior-engineer-at-iris-software-inc-4465369223,2026-09-10,"09 Sep 2026, 05:30 AM IST"
4455919054,https://in.linkedin.com/jobs/view/data-engineer-retail-business-service-at-amazon-4455919054,2026-09-10,"09 Sep 2026, 05:30 AM IST"
4465303250,https://in.linkedin.com/jobs/view/etl-database-developer-informatica-greenplum-cloud-at-broadridge-india-4465303250,2026-09-10,"09 Sep 2026, 05:30 AM IST"
